Z_i_label,Z_i,A total  [Msun^{-1}],A I_classic  [Msun^{-1}],A II_only_stable_MT  [Msun^{-1}],A III_single_core_CE  [Msun^{-1}],A IV_double_core_CE  [Msun^{-1}],A V_other  [Msun^{-1}],B total  [Msun^{-1}],B I_classic  [Msun^{-1}],B II_only_stable_MT  [Msun^{-1}],B III_single_core_CE  [Msun^{-1}],B IV_double_core_CE  [Msun^{-1}],B V_other  [Msun^{-1}],C total  [Msun^{-1}],C I_classic  [Msun^{-1}],C II_only_stable_MT  [Msun^{-1}],C III_single_core_CE  [Msun^{-1}],C IV_double_core_CE  [Msun^{-1}],C V_other  [Msun^{-1}],D total  [Msun^{-1}],D I_classic  [Msun^{-1}],D II_only_stable_MT  [Msun^{-1}],D III_single_core_CE  [Msun^{-1}],D IV_double_core_CE  [Msun^{-1}],D V_other  [Msun^{-1}],E total  [Msun^{-1}],E I_classic  [Msun^{-1}],E II_only_stable_MT  [Msun^{-1}],E III_single_core_CE  [Msun^{-1}],E IV_double_core_CE  [Msun^{-1}],E V_other  [Msun^{-1}],F total  [Msun^{-1}],F I_classic  [Msun^{-1}],F II_only_stable_MT  [Msun^{-1}],F III_single_core_CE  [Msun^{-1}],F IV_double_core_CE  [Msun^{-1}],F V_other  [Msun^{-1}],G total  [Msun^{-1}],G I_classic  [Msun^{-1}],G II_only_stable_MT  [Msun^{-1}],G III_single_core_CE  [Msun^{-1}],G IV_double_core_CE  [Msun^{-1}],G V_other  [Msun^{-1}],H total  [Msun^{-1}],H I_classic  [Msun^{-1}],H II_only_stable_MT  [Msun^{-1}],H III_single_core_CE  [Msun^{-1}],H IV_double_core_CE  [Msun^{-1}],H V_other  [Msun^{-1}],I total  [Msun^{-1}],I I_classic  [Msun^{-1}],I II_only_stable_MT  [Msun^{-1}],I III_single_core_CE  [Msun^{-1}],I IV_double_core_CE  [Msun^{-1}],I V_other  [Msun^{-1}],J total  [Msun^{-1}],J I_classic  [Msun^{-1}],J II_only_stable_MT  [Msun^{-1}],J III_single_core_CE  [Msun^{-1}],J IV_double_core_CE  [Msun^{-1}],J V_other  [Msun^{-1}],K total  [Msun^{-1}],K I_classic  [Msun^{-1}],K II_only_stable_MT  [Msun^{-1}],K III_single_core_CE  [Msun^{-1}],K IV_double_core_CE  [Msun^{-1}],K V_other  [Msun^{-1}],L total  [Msun^{-1}],L I_classic  [Msun^{-1}],L II_only_stable_MT  [Msun^{-1}],L III_single_core_CE  [Msun^{-1}],L IV_double_core_CE  [Msun^{-1}],L V_other  [Msun^{-1}],M total  [Msun^{-1}],M I_classic  [Msun^{-1}],M II_only_stable_MT  [Msun^{-1}],M III_single_core_CE  [Msun^{-1}],M IV_double_core_CE  [Msun^{-1}],M V_other  [Msun^{-1}],N total  [Msun^{-1}],N I_classic  [Msun^{-1}],N II_only_stable_MT  [Msun^{-1}],N III_single_core_CE  [Msun^{-1}],N IV_double_core_CE  [Msun^{-1}],N V_other  [Msun^{-1}],O total  [Msun^{-1}],O I_classic  [Msun^{-1}],O II_only_stable_MT  [Msun^{-1}],O III_single_core_CE  [Msun^{-1}],O IV_double_core_CE  [Msun^{-1}],O V_other  [Msun^{-1}],P total  [Msun^{-1}],P I_classic  [Msun^{-1}],P II_only_stable_MT  [Msun^{-1}],P III_single_core_CE  [Msun^{-1}],P IV_double_core_CE  [Msun^{-1}],P V_other  [Msun^{-1}],Q total  [Msun^{-1}],Q I_classic  [Msun^{-1}],Q II_only_stable_MT  [Msun^{-1}],Q III_single_core_CE  [Msun^{-1}],Q IV_double_core_CE  [Msun^{-1}],Q V_other  [Msun^{-1}]
0_0001,0.0001,0.0034093079140851,0.0,0.0,0.0,0.003364881328291065,4.442658579403482e-05,0.012017913434466756,0.009308480913061976,0.0,0.0,0.0,0.0027094325214047825,0.006450655097928914,0.0,0.0,0.0,0.0,0.006450655097928914,0.003563130853242764,0.0,0.0,0.0,0.0032703638256804646,0.00029276702756229916,0.0,0.0,0.0,0.0,0.0,0.0,0.0,0.0,0.0,0.0,0.0,0.0,0.0013459764128551405,9.426810729673951e-05,0.0,2.510571389042144e-05,0.0012142995125859072,1.2303079082071926e-05,0.003424154962928895,0.0,0.0,0.0,0.0033795349057014,4.4620057227495566e-05,0.003883489424615471,0.0,0.0,0.0,0.003883489424615471,0.0,0.005176594869438533,0.0001309835290861548,0.0,0.0,0.004928370497275605,0.0001172408430767743,0.003326602818239942,0.0,0.0,0.0,0.0032667707512735672,5.983206696637586e-05,0.0034981765361253216,0.0,0.0,0.0,0.0034480451351735445,5.013140095177672e-05,0.0026217673236650905,0.0,0.0,0.0,0.0021113356726298665,0.0005104316510352239,0.0031791231435357487,0.0,0.0,0.0,0.0006427061961178919,0.0025364169474178565,0.0033294374395274645,0.0,0.0,0.0,0.0032806028712872018,4.883456824026286e-05,0.0033168319397972263,0.0,0.0,0.0,0.003268026084325103,4.8805855472122995e-05,0.0033292121197369164,0.0,0.0,0.0,0.003274673954346148,5.453816539076799e-05
0_00011,0.00011,0.0029931134927826076,0.00020884042371587617,0.0,0.0,0.0027842730690667322,0.0,0.014168467682286454,0.014168467682286454,0.0,0.0,0.0,0.0,0.007323765263965859,0.004472176015845542,0.0,0.0,0.0,0.002851589248120318,0.003100743370877043,0.0,0.0,0.0,0.0029494584062879337,0.00015128496458910915,0.0,0.0,0.0,0.0,0.0,0.0,0.0,0.0,0.0,0.0,0.0,0.0,0.0012584959058084338,0.00013987183194315119,0.0,3.244294935586417e-05,0.0010777126049213099,8.468519588108439e-06,0.003006148074387505,0.00020974989392203108,0.0,0.0,0.002796398180465475,0.0,0.003717950718908217,0.00035311124759992627,0.0,0.0,0.003364839471308292,0.0,0.003143108768428911,0.0,0.0,0.0,0.003143108768428911,0.0,0.0029766423632801623,0.0001628174923293336,4.012085843042245e-05,0.0,0.0027390279776153435,3.467603490506223e-05,0.0033638977908302947,6.686625974755222e-05,0.0,0.0,0.00315015544405174,0.00014687608703100238,0.002770879376221627,6.602409669807067e-05,0.0,0.0,0.002318297957237657,0.0003865573222858993,0.003640985503092829,7.107953377869658e-05,0.0,0.0,0.0007110465835130906,0.002858859385801042,0.003593126795285817,0.00032132692454778857,0.0,0.0,0.0031971205857270484,7.467928501098043e-05,0.0029705412632806357,0.0002401305182842771,0.0,0.0,0.0027304107449963593,0.0,0.0030288627303753112,0.0,0.0,0.0,0.0030288627303753112,0.0
0_00012,0.00011999999999999999,0.003396366548656569,0.00021904419606117893,0.0,0.0,0.003177322352595389,0.0,0.013821264701909905,0.012589508664298622,0.0,0.0,0.0,0.0012317560376112811,0.011911494763741115,0.010169339333280472,0.0,0.0,0.0,0.001742155430460646,0.0028320891903872245,0.0,0.0,0.0,0.002811506641817257,2.0582548569966488e-05,0.0,0.0,0.0,0.0,0.0,0.0,0.007988678638701284,0.0,0.0,0.0,0.007988678638701284,0.0,0.0014190268154317322,0.00016048999144124699,0.0,1.994680485240416e-05,0.001222142471303607,1.6447547834473834e-05,0.003411157239702985,0.00021999810223798222,0.0,0.0,0.003191159137465003,0.0,0.00435461261707532,0.0006711952119056944,0.0,0.0,0.0036834174051696257,0.0,0.00396964338474471,0.00028563713155783054,0.0,0.0,0.0036840062531868795,0.0,0.0034190266121485557,0.00030414960653291366,0.0,0.0,0.0031148770056156428,0.0,0.004098619993917914,0.0004905480079285187,0.0,0.0,0.003608071985989394,0.0,0.0030080551302151034,0.0001879150496401388,0.0,0.0,0.0022924455802804037,0.0005276945002945603,0.003985169552681521,0.00020242152128680934,0.0,0.0,0.0006994931497202963,0.0030832548816744146,0.003634190722932657,0.00046792250434589866,0.0,0.0,0.003166268218586757,0.0,0.0036006337700650844,0.00024313314347993603,0.0,0.0,0.003357500626585148,0.0,0.0034481133488924406,0.0003886024029602118,0.0,0.0,0.003059510945932229,0.0
0_00014,0.00014,0.004503720100815647,0.0005916937197156481,0.0,0.0,0.003912026381099998,0.0,0.008665227775717717,0.007628121806576903,0.0,0.0,0.0,0.001037105969140815,0.011702770899256172,0.0055019219052970785,0.0,0.0,0.0,0.00620084899395909,0.003786492109887101,0.0,0.0,0.0,0.003330999774674511,0.00045549233521258967,0.0,0.0,0.0,0.0,0.0,0.0,0.0,0.0,0.0,0.0,0.0,0.0,0.001350474095250366,0.00017992521810670758,0.0,2.472102742046028e-05,0.0011390395597618412,6.78828996135704e-06,0.004523333158362997,0.0005942704613237882,0.0,0.0,0.003929062697039209,0.0,0.005276928407780669,0.0005487332109245157,0.0,0.0,0.004728195196856154,0.0,0.002908799427161708,0.0002894816557697536,0.0,0.0,0.0025673028000328586,5.201497135909618e-05,0.0042642983989997964,0.00043405877352559625,4.653042970828778e-05,0.0,0.003783709195765911,0.0,0.004783212566060635,0.00042257624615048896,0.0,0.0,0.004234827948594718,0.00012580837131542907,0.003974093816754176,0.00048735219104425597,0.0,0.0,0.0026843423609649447,0.0008023992647449753,0.003637864766415338,0.00033953061663959984,0.0,0.0,0.0007291190107195624,0.002569215139056176,0.005017355694052499,0.0007314526488543875,0.0,0.0,0.0042859030451981115,0.0,0.004424983253328711,0.00044549800810906866,0.0,0.0,0.003979485245219642,0.0,0.004552498717544054,0.0005849861611699723,0.0,0.0,0.003967512556374082,0.0
0_00016,0.00016,0.0024589667454574552,0.0004089759046697188,0.0,0.0,0.002001458669827619,4.853217096011725e-05,0.008483670645133314,0.007445732994238922,0.0,0.0,0.0,0.001037937650894392,0.004362171410095765,0.0021338148023715567,0.0,0.0,0.0,0.002228356607724209,0.002109089250989862,6.946826947358851e-05,0.0,0.0,0.0017878114307384996,0.00025180955077777395,0.0,0.0,0.0,0.0,0.0,0.0,0.0,0.0,0.0,0.0,0.0,0.0,0.0012019412775818052,0.0002026890733279045,0.0,2.1655078906407167e-05,0.0009631830790686584,1.4414046278835281e-05,0.002469675194296659,0.00041075693630006235,0.0,0.0,0.0020101747363662267,4.8743521630370114e-05,0.003692766732767604,0.0008908609927858877,0.0,0.0,0.002750060983287377,5.184475669433859e-05,0.004499530420380589,0.0011965252443533918,0.0,0.0,0.003303005176027196,0.0,0.002449522004521597,0.00039253973728038254,1.5698425642369645e-05,0.0,0.0019947020419581896,4.658179964065416e-05,0.002520410657988395,0.00035556771974923584,0.0,0.0,0.002127985505527501,3.685743271165759e-05,0.002746618003720279,0.0003906863319283263,0.0,0.0,0.0017226978835701114,0.0006332337882218418,0.003306484078329255,0.0004632792233472917,0.0,0.0,0.0005890502107030461,0.002254154644278917,0.002761570778318093,0.0004197226852812924,0.0,0.0,0.0022714507419157306,7.039735112107054e-05,0.002549985645746009,0.0005006817518871795,0.0,0.0,0.0020141445361794093,3.515935767942063e-05,0.002262433752618901,0.0001437476621457484,0.0,0.0,0.0020865282841336574,3.215780633949563e-05
0_00017,0.00016999999999999999,0.008034414585564056,0.0008787048493130885,0.0,0.0,0.007037634665750738,0.00011807507050023045,0.008078675745411653,0.007563888717110002,0.0,0.0,0.0,0.0005147870283016517,0.008429422026124922,0.003446770842983436,0.0,0.0,0.0,0.004982651183141488,0.00686182531722421,0.0,0.0,0.0,0.005723570471807468,0.001138254845416741,0.0,0.0,0.0,0.0,0.0,0.0,0.0,0.0,0.0,0.0,0.0,0.0,0.0010795631612045217,0.00015585361808355232,0.0,5.704127325049158e-06,0.000908395547465092,9.609868330828149e-06,0.008069403313126725,0.0008825314833824645,0.0,0.0,0.007068282559182572,0.00011858927056168833,0.00990228491494866,0.0019564462515463442,0.0,0.0,0.007495996414836581,0.00044984224856573467,0.0043972162198739895,0.0010468384280670397,0.0,0.0,0.0032923560923191005,5.8021699487848366e-05,0.008001055673072839,0.0009227302242920104,0.00011149924382220528,0.0,0.006842833856383689,0.000123992348574932,0.007971290742761528,0.0005107107233035565,0.0,0.0,0.007322269980419547,0.0001383100390384237,0.006550362781678414,0.0016243656579599335,0.0,0.0,0.004463751826303335,0.00046224529741514364,0.004119110589330288,0.0006656512601996477,0.0,0.0,0.0006421801471941981,0.0028112791819364428,0.007992259371013753,0.0012721925844917938,0.0,0.0,0.006551857677332418,0.0001682091091895402,0.00819244615066796,0.0014643822066437526,0.0,0.0,0.006598262731902462,0.0001298012121217472,0.00754257299209969,0.0,0.0,0.0,0.007385520151579701,0.00015705284051999117
0_00019,0.00018999999999999998,0.004192094145742688,0.0013259922776224725,0.0,0.0,0.002781230409297379,8.487145882283648e-05,0.006062619397451,0.005767650922623167,0.0,0.0,0.0,0.00029496847482783287,0.0061275130361404685,0.0040797513908967424,0.0,0.0,0.0,0.002047761645243725,0.0026876382185958905,0.0,0.0,0.0,0.0019130573565869426,0.0007745808620089477,0.0,0.0,0.0,0.0,0.0,0.0,0.0,0.0,0.0,0.0,0.0,0.0,0.0012715724265456446,0.00020948255630390248,0.0,1.3841578214118162e-05,0.0010341379029822208,1.4110389045403347e-05,0.004210350116780825,0.0013317667845336911,0.0,0.0,0.002793342270347561,8.524106189957263e-05,0.0048770990810043215,0.001985336562548752,0.0,0.0,0.0028917625184555693,0.0,0.0029262671916320364,0.0009254901038076797,0.0,0.0,0.0018987085458290968,0.00010206854199526009,0.00413818304914364,0.0012128284630729238,0.00010912451221869257,0.0,0.0026197670133968265,0.00019646306045519773,0.0038302840770832436,0.0015286410326346685,0.0,0.0,0.0023016430444485762,0.0,0.002912255939885802,0.000989768208413924,0.0,0.0,0.0015316599502788837,0.0003908277811929949,0.0033640408977553965,0.0006428981778626966,0.0,0.0,0.0005901365907276374,0.0021310061291650627,0.003785404478636441,0.0010195921544027982,0.0,0.0,0.0027658123242336433,0.0,0.004055765205109757,0.001360625436893481,0.0,0.0,0.0026951397682162754,0.0,0.003895958340843013,0.0012639422554345942,0.0,0.0,0.002632016085408419,0.0
0_00022,0.00022,0.003413751297273942,0.0012788832289095105,0.0,0.0,0.002134868068364432,0.0,0.006535124104887615,0.006351904612107744,0.0,0.0,0.0,0.0001832194927798712,0.008079290174164219,0.006894151908155126,0.0,0.0,0.0,0.0011851382660090929,0.002799279646466732,7.000675477552342e-05,0.0,0.0,0.002403478863670431,0.0003257940280207772,0.0,0.0,0.0,0.0,0.0,0.0,0.006024701797693143,0.0052977136922044725,0.0,0.0,0.0005011637308007795,0.0002258243746878912,0.0011231404101938684,0.00022451200586048637,0.0,1.4881127701084784e-05,0.0008723360518475043,1.141122478479272e-05,0.003428617696416654,0.0012844525826445265,0.0,0.0,0.002144165113772128,0.0,0.00537963139874579,0.0022455313960832333,0.0,0.0,0.003090518459957087,4.358154270547086e-05,0.004739922696479708,0.0011675885906433734,0.0,0.0,0.0033300505621560715,0.0002422835436802628,0.0034840804813675657,0.001176693878707164,7.727747240277004e-05,0.0,0.002208026808967889,2.2082321289743453e-05,0.0036519069920958602,0.0015136481938494589,0.0,0.0,0.0021382587982464014,0.0,0.002899375746259749,0.0008878407238631998,0.0,0.0,0.0018232693865879333,0.00018826563580861533,0.002979824926432021,0.0008262931725347202,0.0,0.0,0.0005695155269481431,0.0015840162269491573,0.004311781871967858,0.001659984228648715,0.0,0.0,0.0026517976433191428,0.0,0.0035744074040558625,0.0013526562712936345,0.0,0.0,0.002221751132762228,0.0,0.0034324663904201276,0.0010375280043126759,0.0,0.0,0.0023713991333696328,2.353925273781847e-05
0_00024,0.00023999999999999998,0.003724978117342321,0.0015564128760515554,0.0,0.0,0.002023262576163737,0.0001453026651270283,0.005615835643010686,0.00535436935580776,0.0,0.0,0.0,0.00026146628720292596,0.007025128778337197,0.0054799985540020975,0.0,0.0,0.0,0.0015451302243350985,0.002763612975124307,0.000216990656440144,0.0,0.0,0.0021996790993851194,0.0003469432192990436,0.014963626069087696,0.004953238913741491,0.0,0.0,0.010010387155346207,0.0,0.005009747668972018,0.005009747668972018,0.0,0.0,0.0,0.0,0.00106669285545592,0.00022305148849446362,0.0,1.4873733006785272e-05,0.0008198831782621482,8.884455692522899e-06,0.0037411998648183295,0.001563190831746429,0.0,0.0,0.002032073595599096,0.00014593543747280614,0.0042805941437436615,0.001931678197572268,0.0,0.0,0.002142309189098289,0.00020660675707310445,0.0032633505745920523,0.0013111288081528324,0.0,0.0,0.0018896335324671343,6.258823397208565e-05,0.0037627899702507945,0.0014546731529965571,4.016260320206493e-05,0.0,0.0021036772784176925,0.0001642769356344799,0.0036535045836392508,0.0014907992653149461,0.0,0.0,0.002003399567002012,0.0001593057513222934,0.0027614914998973783,0.0009592800372856237,0.0,0.0,0.0015531416472766488,0.0002490698153351051,0.0026398375810581364,0.0008687842569143723,0.0,0.0,0.0004995102118621594,0.0012715431122816048,0.0038050228291330907,0.0016097354341491825,0.0,0.0,0.002077922759040665,0.00011736463594324309,0.0035651054847208475,0.0014171517098766687,0.0,0.0,0.0018511644831021364,0.0002967892917420428,0.003538712634138785,0.0013874494678273767,0.0,0.0,0.0019760689349441075,0.000175194231367301
0_00027,0.00027,0.003851579111921091,0.0019887655637172447,0.0,0.0,0.0018093501887129324,5.3463359490913206e-05,0.004395904048358193,0.0043314008102869825,0.0,0.0,0.0,6.450323807121104e-05,0.0058423881151684785,0.005295329218861475,0.0,0.0,0.0,0.0005470588963070048,0.003287273951160751,0.00024685762755401674,0.0,0.0,0.0028552802192059394,0.000185136104400794,0.0,0.0,0.0,0.0,0.0,0.0,0.0037793324652608796,0.003617992988201211,0.0,0.0,0.0,0.0001613394770596691,0.0009361799792984118,0.00021982338433175746,0.0,1.6090265362056598e-05,0.0006971466241650245,3.1197054395732155e-06,0.003868352188639736,0.001997426353592333,0.0,0.0,0.0018172296502647527,5.369618478264928e-05,0.0047472945835431105,0.002644106262237649,0.0,0.0,0.002034032490874261,6.915583043119886e-05,0.003003186732551987,0.0015395186613112214,0.0,0.0,0.001360664054269718,0.00010300401697104822,0.0037082143980207774,0.0017815325108881323,0.0,0.0,0.001865198636875548,6.148325025709629e-05,0.003900126048430872,0.0018371830109621648,0.0,0.0,0.0019890187082534485,7.392432921525966e-05,0.003030199916456593,0.0013311780599361892,0.0,0.0,0.0014696465116021806,0.00022937534491822325,0.002516715270372921,0.0009141831543798123,0.0,0.0,0.0004990902095634244,0.0011034419064296843,0.004509948812114362,0.001947320728223343,0.0,0.0,0.0023767997439855296,0.0001858283399054896,0.0035413847535574524,0.0016988204917431488,0.0,0.0,0.0017591757145390078,8.338854727529531e-05,0.004023487786794698,0.0019170213442742843,0.0,0.0,0.001970356947136192,0.0001361094953842215
0_0003,0.0003,0.002953479729585426,0.0013401948742656489,0.0,0.0,0.0016016045542775654,1.1680301042211445e-05,0.003932446885945503,0.003872037791201906,0.0,0.0,0.0,6.0409094743596876e-05,0.0071488421656389235,0.006802433282860946,0.0,0.0,0.0,0.0003464088827779772,0.0027638737592734037,0.0005997838074414218,0.0,0.0,0.002067211550607401,9.687840122458141e-05,0.009462299360065388,0.009462299360065388,0.0,0.0,0.0,0.0,0.00621054488760711,0.005116532664926231,0.0,0.0,0.0007096991174434107,0.0003843131052374658,0.0009008610141623359,0.00021423179157873984,0.0,2.3927606982451612e-05,0.0006607331314751037,1.968484126040791e-06,0.002966341711814473,0.0013460312314559804,0.0,0.0,0.0016085793132741238,1.1731167084368414e-05,0.0035882665272812288,0.0017842651116990226,0.0,0.0,0.001736665738077838,6.733567750436971e-05,0.0030805604926059816,0.00146491058309471,0.0,0.0,0.001572967188781569,4.2682720729702945e-05,0.00289478036478996,0.0012623869990334804,1.2494076815130705e-05,0.0,0.0016088973942638154,1.1001894677533515e-05,0.003037844676088753,0.0014478344811751068,0.0,0.0,0.0015779896587066627,1.2020536206983458e-05,0.002668607411783802,0.0011534961935336554,0.0,0.0,0.0014392678770797445,7.584334117040128e-05,0.00217122209796157,0.0009063559150998649,0.0,0.0,0.0005257344968932532,0.0007391316859684521,0.0036288121039657725,0.0018343861433133247,0.0,0.0,0.0017733111118895567,2.1114848762892026e-05,0.003082948475978273,0.0014962879285016185,0.0,0.0,0.0015055273153154432,8.113323216121153e-05,0.002925740920820382,0.0013753313519409434,0.0,0.0,0.00153349069053316,1.6918878346279037e-05
0_00034,0.00033999999999999997,0.002582920519300958,0.0011745394391566774,0.0,0.0,0.0014083810801442808,0.0,0.00397660702398904,0.0039104144015405466,0.0,0.0,0.0,6.619262244849125e-05,0.0075661115528226205,0.006885889571804678,0.0,0.0,0.0,0.0006802219810179427,0.0024995114793907296,0.0004343749186520939,0.0,0.0,0.0020173767924582206,4.775976828041483e-05,0.0068849976600815176,0.004939226623726211,0.0,0.0,0.0019457710363553074,0.0,0.00447868828900731,0.004083409913667927,0.0,0.0,0.00027713261759618646,0.00011814575774319672,0.0009202572723995828,0.00020083796182315082,0.0,2.799240958009663e-05,0.0006893597031890772,2.0671978072583244e-06,0.0025941687691147307,0.0011796543905959645,0.0,0.0,0.0014145143785187664,0.0,0.003187640999692879,0.0015540850490328342,0.0,0.0,0.0016124900821408278,2.1065868519217465e-05,0.002406988848125771,0.0011621626956084675,0.0,0.0,0.0012420901040869653,2.73604843033744e-06,0.002535404658117604,0.0011042844358391548,0.0,0.0,0.001431120222278449,0.0,0.0026414211760981197,0.001192832948370272,0.0,0.0,0.0014485882277278487,0.0,0.0022234511564682507,0.0008988657700542957,0.0,0.0,0.0012665054271726495,5.80799592413052e-05,0.0022154990272233595,0.0009458391164754386,0.0,0.0,0.000591325373611354,0.0006783345371365669,0.002918673806681424,0.001363142027987762,0.0,0.0,0.0015555317786936616,0.0,0.0026482119868653023,0.0012366692618922545,0.0,0.0,0.0014115427249730484,0.0,0.002575521998193337,0.001232852178659951,0.0,0.0,0.0013426698195333857,0.0
0_00037,0.00037,0.0026566504354922967,0.0012211622993449638,0.0,0.0,0.001427620286342887,7.867849804445932e-06,0.00437159934920056,0.00437159934920056,0.0,0.0,0.0,0.0,0.0054406918103934426,0.005335420343482256,0.0,0.0,0.0,0.00010527146691118604,0.0020184227634741565,0.00041816901615657264,0.0,0.0,0.001564772647575693,3.5481099741891e-05,0.010252981809143382,0.010252981809143382,0.0,0.0,0.0,0.0,0.003466006507573267,0.0028365682693981984,0.0,0.0,0.0005319026621284728,9.753557604659608e-05,0.0007857393125480872,0.00018403556596999056,0.0,2.252424329425986e-05,0.0005775371354754553,1.6423678083813254e-06,0.0026694078849086983,0.0012253372482010955,0.0,0.0,0.0014325010803902091,1.1569556317393394e-05,0.002963466765959121,0.0014543093357806875,0.0,0.0,0.001509157430178433,0.0,0.002370659211160973,0.0010799074459686834,0.0,0.0,0.001278434409047901,1.231735614438798e-05,0.002649128055026357,0.0011336484567022818,1.5758387523057173e-05,0.0,0.0014926819624202275,7.039248380790967e-06,0.002763195319667368,0.00126142619718597,0.0,0.0,0.0014676431091605708,3.412601332082707e-05,0.0017940155273939683,0.0007459130497368034,0.0,0.0,0.0009985793514341462,4.952312622301932e-05,0.0019506340934029413,0.0008720578809005201,0.0,0.0,0.0005934708920387932,0.0004851053204636281,0.003259552290115056,0.0015354882225067385,0.0,0.0,0.0017240640676083176,0.0,0.0025156246653965718,0.0010370337507778645,0.0,0.0,0.0014708286762627238,7.762238355983542e-06,0.0023291500694370137,0.0010313114926192425,0.0,0.0,0.001291416171986097,6.422404831674569e-06
0_00042,0.00042,0.002354412256436607,0.0008631706461860787,0.0,0.0,0.001491241610250528,0.0,0.004757100161999489,0.0046334987012561744,0.0,0.0,0.0,0.00012360146074331412,0.004694900952023146,0.004490912925858685,0.0,0.0,0.0,0.00020398802616446152,0.0017046345041144134,0.000432186223708904,0.0,0.0,0.0012462765038481595,2.6171776557349827e-05,0.0061375799255899855,0.0,0.0,0.0,0.0061375799255899855,0.0,0.00421990214512497,0.0036842071028387133,0.0,0.0,0.0005356950422862575,0.0,0.0009088931861651657,0.00019475550923982594,0.0,3.290471027927866e-05,0.0006803237474423575,9.092192037033749e-07,0.002364665385414875,0.0008669296310203642,0.0,0.0,0.0014977357543945107,0.0,0.0030677962425452532,0.0013523000261045535,0.0,0.0,0.001715496216440699,0.0,0.0022831137545592448,0.0009739590511842934,0.0,0.0,0.0012702328012530292,3.892190212192254e-05,0.002288732908306881,0.000815220582375693,0.0,0.0,0.0014735123259311885,0.0,0.002382524360138741,0.0009031030991852356,0.0,0.0,0.0014794212609535054,0.0,0.0016680616177914686,0.0005644058828347358,0.0,0.0,0.001067589210546006,3.6066524410727066e-05,0.0018222236195324028,0.0008094703059172367,0.0,0.0,0.0006334642254917507,0.00037928908812341513,0.002668039137231457,0.0010210330474099926,0.0,0.0,0.0016470060898214635,0.0,0.0024195111452090523,0.000978123885177727,0.0,0.0,0.001437432740519678,3.9545195116479854e-06,0.002128200489558854,0.0008813044768421488,0.0,0.0,0.0012468960127167055,0.0
0_00047,0.00047000000000000004,0.002243260564661096,0.0007838405057188401,0.0,0.0,0.001432555781845649,2.686427709660669e-05,0.003653787450613453,0.00350614513872306,0.0,0.0,0.0,0.00014764231189039266,0.005421748989852835,0.004908091918093286,0.0,0.0,0.0,0.0005136570717595471,0.0018419655058403703,0.00036386517244465117,0.0,0.0,0.0013997140683799265,7.838626501579287e-05,0.007949713854718175,0.005006807138267386,0.0,0.0,0.002942906716450787,0.0,0.004069620180600728,0.0031494711964399572,0.0,0.0,0.0007540749317515805,0.00016607405240919132,0.000807238479117283,0.0001541195597926225,0.0,3.147815042369737e-05,0.0006174179298409264,4.222839060036646e-06,0.0022544007578267212,0.0007866553468681937,0.0,0.0,0.0014377002173960743,3.004519356245241e-05,0.003126492168434057,0.00108963208919113,0.0,0.0,0.001938298101092904,9.856197815002428e-05,0.0019195218588694144,0.0006520754155235371,0.0,0.0,0.0012457932667090756,2.1653176636801334e-05,0.002149360958772605,0.0006759033057316138,1.9179087620787176e-05,0.0,0.0014292639734417706,2.501459197843441e-05,0.00239378634215372,0.0008760593846059531,0.0,0.0,0.001477385305414975,4.0341652132792136e-05,0.0017954000945653425,0.0005436881606750324,0.0,0.0,0.0011653781986504634,8.633373523984702e-05,0.001979498586373252,0.0007639998299306399,0.0,0.0,0.0007947662388205097,0.0004207325176221016,0.0026596740950341658,0.0008757378521125277,0.0,0.0,0.0017411911985611337,4.2745044360504255e-05,0.0022333458060109644,0.000781986248235568,0.0,0.0,0.0014122772493872725,3.908230838812408e-05,0.002072636081477644,0.0006909226427361382,0.0,0.0,0.0013216522621931394,6.006117654836649e-05
0_00052,0.0005200000000000001,0.0020614337997899553,0.0006678176910532835,0.0,0.0,0.0013906158196913495,3.000289045322185e-06,0.005070594029918553,0.0047580237403514105,0.0,0.0,0.0,0.00031257028956714454,0.00616713094205902,0.00616713094205902,0.0,0.0,0.0,0.0,0.0016504616101537266,0.00038605968629753335,0.0,0.0,0.0012644019238561928,0.0,0.009971759008313277,0.009971759008313277,0.0,0.0,0.0,0.0,0.0045241750550110435,0.0036466965974422507,0.0,0.0,0.0008774784575687943,0.0,0.0007765195954498588,0.00014567261643969205,0.0,3.137796602379099e-05,0.0005960653110188393,3.403701967536468e-06,0.002071605157993979,0.0006697937305032416,0.0,0.0,0.0013947305829811807,7.080844509556676e-06,0.0028261053339983023,0.0010469094899684338,0.0,0.0,0.0017791958440298683,0.0,0.0019102344689846333,0.0006488921662117862,0.0,0.0,0.0012289068605794214,3.2435442193425475e-05,0.0020602852613089443,0.0006456186525054715,2.990388626863485e-05,0.0,0.0013847627225348385,0.0,0.002083189954612924,0.0006821728002107435,0.0,0.0,0.0013980164483936568,3.0007060085238595e-06,0.001424070897960178,0.00038062183266403705,0.0,0.0,0.0010199213285441767,2.352773675196429e-05,0.0017395204524691568,0.0005726138099356782,0.0,0.0,0.0007946178162149157,0.0003722888263185629,0.0021907381834702444,0.0006675819273057212,0.0,2.6385269076843e-06,0.001520517729256839,0.0,0.001964109418949066,0.0005999241048738027,0.0,0.0,0.0013597433317510588,4.441982324204577e-06,0.0018308998594256654,0.0005117271116894624,0.0,0.0,0.001319172747736203,0.0
0_00058,0.00058,0.0015710295673712342,0.0003982325632512588,0.0,0.0,0.00113302602298491,3.977098113506552e-05,0.004795152241323489,0.004328424852430425,0.0,0.0,0.0,0.0004667273888930634,0.006115445617515268,0.005792838461459872,0.0,0.0,0.0,0.00032260715605539613,0.0012482206991881915,0.00016745016818733014,0.0,0.0,0.001029634641256126,5.1135889744735554e-05,0.008935340081977695,0.008421346311606558,0.0,0.0,0.0005139937703711379,0.0,0.005361633916781264,0.003973049873024998,0.0,0.0,0.0010906421359276608,0.0002979419078286047,0.0007557073007297468,0.00013113317867046264,0.0,3.1537046426144e-05,0.0005900347157000577,3.0023599330819857e-06,0.0015786871014260846,0.0003997587098883737,0.0,0.0,0.0011373681185700244,4.156027296768666e-05,0.0021548284313690352,0.0005776394928284089,0.0,0.0,0.0015074480065182926,6.974093202233373e-05,0.0018425238569036427,0.00048550018810258915,0.0,0.0,0.0013195517959411686,3.74718728598856e-05,0.0015328058044010715,0.00035047384929694285,1.1709832033004268e-05,0.0,0.001146471616378664,2.4150506692460512e-05,0.0015601784066779881,0.0003688523841108542,0.0,0.0,0.0011510446381242806,4.028138444285331e-05,0.0012556720489323686,0.00028421851161642764,0.0,0.0,0.0009153022280236236,5.6151309292316955e-05,0.001535139444649816,0.00046698100167246907,0.0,0.0,0.0007602370233480745,0.0003079214196292723,0.0018592180704394825,0.00045425001919088966,0.0,0.0,0.0013524222379002796,5.254581334831395e-05,0.0016554396651476367,0.0004747279314008674,0.0,0.0,0.0011393223297896744,4.138940395709469e-05,0.0012946858064682054,0.0002954089812386461,0.0,0.0,0.0009818083119637804,1.7468513265779057e-05
0_00065,0.00065,0.0017698741424408007,0.0004566469004191612,0.0,0.0,0.0012771249813807314,3.6102260640908014e-05,0.005755447750045178,0.005313127888493488,0.0,0.0,0.0,0.0004423198615516908,0.004086581641416078,0.003835259769469226,0.0,0.0,0.0,0.00025132187194685173,0.0013692324990698481,0.0002649909665130192,0.0,0.0,0.001047230114436922,5.701141811990675e-05,0.011554882181045724,0.011554882181045724,0.0,0.0,0.0,0.0,0.0056817202068979574,0.0046679604610656645,0.0,0.0,0.0010137597458322962,0.0,0.0007454528281662428,0.00012706463953483357,0.0,2.625344571965427e-05,0.0005890661319020101,3.0686110097448094e-06,0.0017783048430507168,0.00045810957424537375,0.0,0.0,0.001282075383743612,3.811988506173111e-05,0.0021728785511780768,0.0005365375199838688,0.0,0.0,0.0015595624266521422,7.677860454206542e-05,0.001989808151294928,0.0004776050564659783,0.0,0.0,0.0014688616475012964,4.334144732765314e-05,0.0017077776330787664,0.00037858360793670173,0.0,0.0,0.0012953946847285404,3.379934041352397e-05,0.0017272383807120366,0.0004017740626540566,0.0,0.0,0.001296997802490612,2.8466515567367768e-05,0.0011978020510440349,0.000252373265378611,0.0,0.0,0.0008934268002761313,5.200198538929254e-05,0.0015816492616902039,0.0004582943192492506,0.0,0.0,0.0008220002488481602,0.0003013546935927934,0.001917853556784984,0.0004452548991008577,0.0,0.0,0.0014215950785692612,5.100357911486507e-05,0.001722063844072452,0.00040674304634656926,0.0,0.0,0.0012896008535988072,2.571994412707548e-05,0.001549613960763355,0.0003825362400679526,0.0,0.0,0.0011304243987786046,3.665332191679801e-05
0_00073,0.00073,0.0015399140196180716,0.0003965472336356048,0.0,0.0,0.0011433667859824664,0.0,0.006062032327300467,0.005608594049199063,0.0,0.0,0.0,0.00045343827810140656,0.005798625319784846,0.005462059690977022,0.0,0.0,0.0,0.00033656562880782275,0.0010960602426611542,0.00013667881504830697,0.0,5.448700418350199e-07,0.0009314557742471752,2.738078332383727e-05,0.011538744191797913,0.011538744191797913,0.0,0.0,0.0,0.0,0.00610542140693785,0.004544129177939636,0.0,0.0,0.0009140795068535953,0.0006472127221446193,0.0006514701662220767,0.00011637583967560935,0.0,1.978008502243751e-05,0.0005124047649892957,2.9094765347340685e-06,0.0015490057813167784,0.0003976907307943754,0.0,0.0,0.0011466638375322075,4.651212990196122e-06,0.0022304245656610704,0.0004922915437227982,0.0,0.0,0.0017381330219382722,0.0,0.0012079851416670214,0.00029414778926273663,0.0,0.0,0.0008891991448019056,2.46382076023786e-05,0.001448834111930443,0.0003288519472378584,7.5337598119555326e-06,0.0,0.0011124484048806286,0.0,0.0015256418482230186,0.0003926210205526168,0.0,0.0,0.0011330208276704018,0.0,0.0011518187242583195,0.00019030708864486805,0.0,0.0,0.0009266996439929856,3.481199162046608e-05,0.00159624159245207,0.00044939367748531484,0.0,0.0,0.0008240058005491249,0.00032284211441763015,0.0016549412187360992,0.0003589038229970998,0.0,0.0,0.0012960373957389992,0.0,0.001580312041360572,0.0003672344344860401,0.0,0.0,0.0012085592953599198,4.518311514612329e-06,0.001350632456635583,0.00031336733635036867,0.0,0.0,0.0010372651202852144,0.0
0_00081,0.00081,0.0017800849120395027,0.00038836710664016163,0.0,0.0,0.0013386591920506138,5.305861334872713e-05,0.005554181468297396,0.0053579199528275894,0.0,0.0,0.0,0.0001962615154698029,0.004353288085973213,0.004015096796198101,0.0,0.0,0.0,0.0003381912897751115,0.0013551405184601731,0.00018438627743576924,0.0,0.0,0.001117693512325124,5.306072869927962e-05,0.00967920512106836,0.00967920512106836,0.0,0.0,0.0,0.0,0.005311262926539596,0.004350287036339513,0.0,0.0,0.0005814348422986274,0.0003795410479014548,0.0006812718885505079,0.0001083204080224058,0.0,2.3300168890789765e-05,0.0005457560044691926,3.8953071681196675e-06,0.0017886698204191691,0.00038957051198860337,0.0,0.0,0.0013428071994485398,5.629210898202594e-05,0.003107648448776733,0.000635077545323127,0.0,0.0,0.0023813272956642053,9.12436077894004e-05,0.0015520081341646387,0.0002950210150685791,0.0,0.0,0.001197976948216176,5.90101708798835e-05,0.0017284517248034414,0.0003564102139046728,3.4906140138611792e-06,0.0,0.001320324442382544,4.8226454502363705e-05,0.0017522484451822054,0.00033441562693716263,0.0,0.0,0.001384048509596043,3.378430864899939e-05,0.0012998789633975915,0.0002009593697242021,0.0,0.0,0.0010319762395119769,6.69433541614125e-05,0.001842511452827353,0.0005113044153570104,0.0,0.0,0.0009431548329660508,0.00038805220450429214,0.0019867491801109013,0.0004481201379786013,0.0,0.0,0.0015162257215358922,2.2403320596408096e-05,0.0016303047706603929,0.0003337603053792937,0.0,0.0,0.0012842109358783215,1.2333529402777374e-05,0.0014257138080743977,0.00029937300940726194,0.0,0.0,0.0010951515956107217,3.118920305641391e-05
0_0009,0.0009,0.0018967572096028735,0.0005109167358173813,0.0,0.0,0.001385840473785492,0.0,0.006783273252567882,0.006285088421705568,0.0,0.0,0.0,0.0004981848308623143,0.004625015155696274,0.0041720483657577976,0.0,0.0,0.0,0.00045296678993847695,0.001368800116668276,0.00025159383171871066,0.0,0.0,0.0011172062849495656,0.0,0.006748647917302866,0.0,0.0,0.0,0.006748647917302866,0.0,0.004689898433135425,0.0041780974779305115,0.0,0.0,0.0005118009552049128,0.0,0.0007156635159574372,0.00011710632624891414,0.0,2.5425123908083458e-05,0.0005709003166184787,2.2317491819613317e-06,0.0019087782167005523,0.0005121085339835356,0.0,0.0,0.0013890731769237005,7.5965057933166355e-06,0.0023632623377133504,0.0005721046088212471,0.0,0.0,0.0017911577288921032,0.0,0.002337436621190977,0.0005505565629268088,0.0,0.0,0.0017082584298339868,7.862162843018184e-05,0.0018810575526924016,0.0005123242990766053,4.2683974677635815e-06,2.352138875404916e-06,0.0013621127172726286,0.0,0.0018535254596296425,0.000470420415497244,0.0,0.0,0.0013831050441323975,0.0,0.001455671127223885,0.0003091827588248769,0.0,0.0,0.0010987836971759442,4.770467122306407e-05,0.002118250393352489,0.0007249499192754117,0.0,0.0,0.0009182144357428317,0.0004750860383342461,0.002120460352800444,0.0005108301708361161,0.0,0.0,0.0016065682278926853,3.061954071642652e-06,0.0018868012148866495,0.0005136829141477167,0.0,0.0,0.0013712001360092908,1.918164729642045e-06,0.0016054277486044282,0.0004316126673137293,0.0,0.0,0.001173815081290699,0.0
0_00101,0.00101,0.0018818858443388007,0.0005353475445014129,0.0,0.0,0.0013042388477234278,4.2299452113960523e-05,0.004124902066459744,0.0038057046111930727,0.0,0.0,0.0,0.0003191974552666702,0.0060583984751836975,0.0058017530274760785,0.0,0.0,0.0,0.000256645447707618,0.0013179791408063784,0.00020801900575955328,0.0,0.0,0.0010664442051563244,4.351592989050135e-05,0.009073050435264064,0.0,0.0,0.0,0.009073050435264064,0.0,0.004462960686111466,0.0041103854952084335,0.0,0.0,0.00035257519090303247,0.0,0.0006395451226944173,0.00010822611023490385,0.0,1.7245949042112263e-05,0.0005123561028305747,1.716960586826353e-06,0.001893273622288384,0.0005365948765136759,0.0,0.0,0.0013072776565927536,4.940108918195465e-05,0.002694500288674152,0.0006860515842523418,0.0,0.0,0.0019485477838287848,5.990092059302473e-05,0.0015256348512092874,0.00047785233874799094,0.0,0.0,0.0010477825124612966,0.0,0.0018022335245787718,0.00045828757876135897,1.721238206615978e-05,0.0,0.0012957100329156232,3.102353083563025e-05,0.0018932123051843574,0.0005151864550460912,0.0,0.0,0.0013473801974694592,3.064565266880735e-05,0.001453478434175409,0.00034786080755905226,0.0,0.0,0.0010390246133176603,6.659301329869649e-05,0.0018473572331481976,0.0006251643284748334,0.0,0.0,0.000799559655129357,0.0004226332495440069,0.0022350424249868864,0.0005982068172024872,0.0,0.0,0.001574954638732718,6.18809690516811e-05,0.0018750432590577141,0.0005309676925838791,0.0,0.0,0.0013031444689985971,4.093109747523792e-05,0.0015601004510325447,0.0004654534557219774,0.0,0.0,0.001058684324057956,3.596267125261098e-05
0_00113,0.0011300000000000001,0.0010890026509591103,0.000114690336907324,0.0,0.0,0.0009518402144555608,2.2472099596225572e-05,0.006777517443962496,0.005971503082658189,0.0,0.0,0.0,0.0008060143613043065,0.005092065309214364,0.004830048958553402,0.0,0.0,0.0,0.0002620163506609616,0.0007669898158905468,0.0001036220850491544,0.0,0.0,0.0006407914474597574,2.2576283381635e-05,0.013919419664561792,0.012498723187138874,0.0,0.0,0.0014206964774229193,0.0,0.006166660650115369,0.0038606842433674287,0.0,0.0,0.001139045138029026,0.0011669312687189119,0.0005753561050369533,9.125422139858572e-05,0.0,2.0572117309881822e-05,0.0004597429839036017,3.786782424883832e-06,0.0010941741534095028,0.00011511027343263356,0.0,0.0,0.000955325359613268,2.373852036360119e-05,0.001393007800915225,0.00017526851670769873,0.0,0.0,0.0011829568657731506,3.478241843437592e-05,0.0011003468430553136,0.00013026365188652218,0.0,0.0,0.0009572123686030248,1.2870822565766935e-05,0.0011174845120673386,0.00010477304000266921,6.124306590231772e-06,1.1787191668219086e-05,0.0009722425199435088,2.255745386270949e-05,0.0011023894543885006,0.0001121503208579912,0.0,0.0,0.000962877110672824,2.736202285768545e-05,0.0009759530244967273,8.210872034886996e-05,0.0,0.0,0.0008701492940639912,2.3695010083866087e-05,0.0012205884900921484,0.00021844275489762995,0.0,0.0,0.0008794784929769669,0.00012266724221755176,0.0013462106634390231,0.0001491945865072566,0.0,0.0,0.0011859879346111464,1.1028142320620268e-05,0.0010717677183271078,0.00011969952967487972,0.0,0.0,0.0009264064804752157,2.5661708177012743e-05,0.0008416635930103729,8.401718536865171e-05,0.0,0.0,0.0007344510107690943,2.319539687262698e-05
0_00126,0.00126,0.0010196010200342878,7.310800996438986e-05,0.0,0.0,0.0009249503673394047,2.1542642730492958e-05,0.008164396019071827,0.0066598105823533725,0.0,0.0,0.0,0.0015045854367184534,0.00497858614776849,0.004400209998405033,0.0,0.0,0.0,0.0005783761493634588,0.0007346652447212383,6.648777134717536e-05,0.0,0.0,0.0006477600925050033,2.0417380869059955e-05,0.01255043965619694,0.010748226618020443,0.0,0.0,0.001802213038176496,0.0,0.005789616207889392,0.003028238376576325,0.0,0.0,0.0018375191971185176,0.000923858634194549,0.0006199540161925253,8.983615166776435e-05,0.0,3.014158738030683e-05,0.0004971793936264653,2.796883517988748e-06,0.0010252046994558702,7.316685128831707e-05,0.0,0.0,0.0009256948179708435,2.634303019670932e-05,0.0015447676999529286,9.385804944165605e-05,0.0,0.0,0.001413288168053768,3.7621482457504345e-05,0.0011208048801028432,6.413194340417222e-05,0.0,0.0,0.0010306352060547954,2.603773064387557e-05,0.0010295724759817003,6.187541007839393e-05,6.053491483762817e-06,6.111802665693424e-06,0.000933911363315212,2.1620408438638284e-05,0.001023360914404519,6.792709183760824e-05,0.0,0.0,0.0009353442892450328,2.008953332187792e-05,0.0008808298715923179,6.568334817557178e-05,0.0,0.0,0.0007862473878608574,2.8899135555888677e-05,0.0009919477591423171,0.0001039235155516615,0.0,0.0,0.0008184877415385026,6.953650205215311e-05,0.0013418817784613484,0.00013329321054225603,0.0,0.0,0.0011844693874988675,2.4119180420225188e-05,0.001054649826287515,6.88241060576041e-05,0.0,0.0,0.0009619887551622868,2.3836965067623675e-05,0.0007464933921063287,4.28423069666646e-05,0.0,0.0,0.0006908281649993973,1.2822920140266723e-05
0_0014,0.0014,0.0009032588642036367,6.647798107383646e-05,0.0,0.0,0.0008191232772442843,1.7657605885515977e-05,0.005595621126962727,0.004511456157441095,0.0,0.0,0.0,0.001084164969521634,0.004355293992585431,0.00413774418785961,0.0,0.0,0.0,0.00021754980472582129,0.0007140842788964371,8.721402870451658e-05,0.0,0.0,0.0006154233288651504,1.1446921326770025e-05,0.009750224549709821,0.009750224549709821,0.0,0.0,0.0,0.0,0.003725750060481035,0.0016767814661775265,0.0,0.0,0.0011605098174933635,0.0008884587768101457,0.0006370769758004249,8.697551740108849e-05,0.0,3.5748842791492604e-05,0.0005110380473349672,3.3145682728765094e-06,0.0009074953585116904,6.672171022838637e-05,0.0,0.0,0.0008221264404061312,1.864720787717295e-05,0.001337879274701875,5.730809217703129e-05,0.0,0.0,0.0012350520635523038,4.551911897253969e-05,0.0009789788337469065,6.600853049877426e-05,0.0,0.0,0.0008877000480608289,2.5270255187303194e-05,0.0009448483527961267,6.173407700823261e-05,5.6128625822873e-06,1.1504201990173145e-05,0.0008424024106487355,2.359480056669846e-05,0.0009130669166191238,6.793785241780803e-05,0.0,0.0,0.0008244717027544128,2.0657361446903195e-05,0.0008175042055730622,4.78748079893665e-05,0.0,0.0,0.0007501996646075082,1.942973297618733e-05,0.00091513768730056,7.075360747668517e-05,0.0,0.0,0.0007862132777059888,5.8170802117886e-05,0.0011122793645274881,7.622122998632671e-05,0.0,0.0,0.0010093483522829608,2.670978225820063e-05,0.0009455676646744053,7.034292906408146e-05,0.0,0.0,0.0008632794185366688,1.1945317073654821e-05,0.0006886749348445098,4.099792262436816e-05,0.0,0.0,0.0006372082805884425,1.0468731631699235e-05
0_00157,0.00157,0.000706279705042293,3.665209631004974e-05,0.0,0.0,0.0006561144501659459,1.3513158566297422e-05,0.003685705992705725,0.0023725456578276858,0.0,0.0,0.0,0.0013131603348780394,0.004736348412480123,0.004476585736561943,0.0,0.0,0.0,0.0002597626759181787,0.0004904294258222385,3.87874818591839e-05,0.0,0.0,0.00044723473165514426,4.40721230791012e-06,0.00518784328583218,0.003325707248891173,0.0,0.0,0.0018621360369410075,0.0,0.003081117264559284,0.001539185379953589,0.0,0.0,0.0008693171249987709,0.0006726147596069248,0.0006162856924316472,8.204497999645759e-05,0.0,3.732377905612829e-05,0.0004926785533489004,4.238380030161e-06,0.0007101201104228388,3.675054160907005e-05,0.0,0.0,0.0006579955365854796,1.5374032228289098e-05,0.0010580084916517493,6.193938909290521e-05,0.0,0.0,0.0009801888711153874,1.5880231443457017e-05,0.0009074852956678024,5.77383355234909e-05,0.0,0.0,0.0008491499799734518,5.969801708597082e-07,0.0007151341586976677,3.076129566752284e-05,4.055029151348703e-06,7.401433349760194e-06,0.0006619832485038557,1.0933152025180024e-05,0.0007140964614144226,3.705845260355039e-05,0.0,0.0,0.0006633751077422018,1.3662901068670528e-05,0.0006555840496217572,2.168319369872059e-05,0.0,0.0,0.000624916189679219,8.984666243817745e-06,0.0007400159309649963,4.893238610110141e-05,0.0,0.0,0.0006618114933582566,2.9272051505638466e-05,0.0009221669131361602,5.7589069531399986e-05,0.0,0.0,0.0008448886831031656,1.9689160501594383e-05,0.0007457527103484037,4.050016886248453e-05,0.0,0.0,0.0006904750967380482,1.4777444747870934e-05,0.0005160404940568789,1.4670161820987184e-05,0.0,0.0,0.0004968589109597624,4.511421276129365e-06
0_00175,0.00175,0.0009011223679902736,2.8556330892632612e-05,0.0,0.0,0.0008508982084625928,2.166782863504813e-05,0.004503871852659085,0.0029982206740812307,0.0,0.0,0.0,0.0015056511785778545,0.004643479476669885,0.004075221815861653,0.0,0.0,0.0,0.0005682576608082312,0.0006454794120187634,7.23320661855365e-05,0.0,0.0,0.0005713936879932813,1.7536578399457706e-06,0.010022224686816421,0.008681188914391534,0.0,0.0,0.0013410357724248894,0.0,0.004277674474093361,0.002175693180616534,0.0,0.0,0.001193930303706969,0.000908050989769857,0.0006482973204077213,7.867126475461438e-05,0.0,4.215452990817649e-05,0.000522715167000062,4.756358744868467e-06,0.0009135951359203863,3.6256570099288395e-05,0.0,0.0,0.0008526558328703562,2.4682732950742026e-05,0.0012933600101976733,3.892504724136883e-05,0.0,0.0,0.001244531284263059,9.903678693245143e-06,0.0008476024860362897,5.9382797923797777e-05,0.0,0.0,0.0007770633988849362,1.1156289227556057e-05,0.0009010742855408187,2.597909449187702e-05,4.533001077441986e-06,9.935846914675453e-06,0.0008545026465451754,6.123696511648915e-06,0.0009038616515508373,2.9927705759359306e-05,0.0,0.0,0.0008657096672507031,8.22427854077523e-06,0.0007800180501090604,2.5002882219145772e-05,0.0,0.0,0.0007462044720501511,8.810695839763617e-06,0.0008645483175977722,3.477539066402365e-05,0.0,0.0,0.0008103356185161205,1.943730841762832e-05,0.0012099480731914073,2.0010858621227574e-05,0.0,0.0,0.001178053902844457,1.1883311725722356e-05,0.0009568839525903002,3.38975556105672e-05,0.0,0.0,0.000914962600231358,8.02379674837479e-06,0.0005711598548118433,1.1821760690781332e-05,0.0,0.0,0.0005523190952370933,7.018998883968712e-06
0_00195,0.00195,0.0007737120590436688,2.522470048028868e-05,0.0,0.0,0.0007468692988082241,1.6180597551557931e-06,0.003287150453543397,0.0013150874871934546,0.0,0.0,0.0,0.001972062966349943,0.004335365858513932,0.0035459187277242757,0.0,0.0,0.0,0.0007894471307896558,0.0004979172260444135,4.3685688029434186e-05,0.0,0.0,0.0004531940217950125,1.0375162199668077e-06,0.0050182975398917725,0.0039718137313891465,0.0,0.0,0.0010464838085026253,0.0,0.004821300209392564,0.002578933362952439,0.0,0.0,0.001500567700325818,0.0007417991461143061,0.0005981484750102976,7.399465822122943e-05,0.0,3.832083762832461e-05,0.00048083472939490637,4.998249765837065e-06,0.0007845978580720308,3.2304391874693564e-05,0.0,0.0,0.0007488736850833474,3.4197811139895236e-06,0.0012453335581023768,6.887259248321014e-05,0.0,0.0,0.0011764609656191667,0.0,0.0008432350264510611,3.175919970078097e-05,0.0,0.0,0.0008024757985904905,9.000028159789625e-06,0.0007998699299298063,2.153977911284187e-05,2.970411738479535e-06,9.443554184239744e-06,0.0007579882259250398,7.92795896920546e-06,0.0007843383408437914,2.558950528136828e-05,0.0,0.0,0.0007572689749811468,1.4798605812764132e-06,0.0006477832566289749,1.3248241059272073e-05,0.0,1.411428232043895e-07,0.0006329684851529915,1.425387593506837e-06,0.0007467181127002477,3.621150966165293e-05,0.0,0.0,0.0006902810480406706,2.0225554997924226e-05,0.000989300950709385,1.4118130537150296e-05,0.0,0.0,0.0009723571134953744,2.8257066768603483e-06,0.0007997316061390362,2.2613601417933028e-05,0.0,2.53250595215259e-07,0.0007759188512687755,9.459028571124621e-07,0.00038342854408207703,7.3549876119180236e-06,0.0,0.0,0.0003756867561583259,3.8680031183309445e-07
0_00218,0.00218,0.0005999775356863563,7.730549590319046e-06,0.0,0.0,0.0005842628819745076,7.984104121529593e-06,0.004803379319149874,0.0019015748123788934,0.0,0.0,0.0,0.0029018045067709807,0.00532270689044606,0.0038044383111442734,0.0,0.0,0.0,0.001518268579301785,0.0005358385951976204,6.515248773669384e-05,0.0,0.0,0.00046135120775866697,9.334899702259599e-06,0.002888739338228885,0.0,0.0,0.0,0.002888739338228885,0.0,0.0030250120051813893,0.0014739215659493766,0.0,0.0,0.0010069931414767306,0.0005440972977552823,0.0005136762372648629,6.629765008038916e-05,0.0,3.719137986452238e-05,0.00040745590244658494,2.731304873366468e-06,0.0006035441728720893,7.756855583718316e-06,0.0,0.0,0.0005862510479305099,9.536269357860848e-06,0.0009115587813127275,0.0,0.0,0.0,0.0008865489254585132,2.500985585421441e-05,0.0007969805375736245,1.4919564981116193e-05,0.0,0.0,0.0007773603963662231,4.700576226285207e-06,0.0006078874272746091,3.970873580778903e-06,2.4426827745909117e-06,3.5673609156939463e-06,0.0005932871752742903,4.619334729255159e-06,0.000602636569211451,6.619300602447439e-06,0.0,0.0,0.0005909470803914383,5.0701882175653175e-06,0.0005999222823799683,1.6531773859180978e-05,0.0,8.257515281058138e-08,0.0005793980395095834,3.909893858393154e-06,0.0006571452985240874,9.208013837089173e-06,0.0,0.0,0.0006385891331994759,9.348151487522397e-06,0.0008887921761048926,0.0,0.0,2.425799460239173e-07,0.0008687512391186545,1.979835704021403e-05,0.0006808445049534519,2.7568524493875866e-05,0.0,1.436520819513038e-07,0.0006468357555463442,6.296572831280406e-06,0.0003729285771421051,8.124963550936343e-06,0.0,0.0,0.00036132280365108895,3.480809940079846e-06
0_00243,0.00243,0.0007601394321990641,1.5105499448712772e-05,0.0,0.0,0.0007436130540303329,1.4208787200184657e-06,0.0033526761106597892,0.0010709554014609417,0.0,0.0,0.0,0.002281720709198848,0.004922305123737747,0.0035328834335479047,0.0,0.0,0.0,0.0013894216901898413,0.000584540441602859,6.809021054669939e-05,0.0,0.0,0.0005120058443765066,4.4443866796530665e-06,0.008433010007363247,0.007810478413601284,0.0,0.0,0.0006225315937619626,0.0,0.0032995514796547052,0.001862658952350859,0.0,0.0,0.0009087126928484764,0.000528179834455369,0.0005784773132819224,7.831969420729063e-05,0.0,4.015185126771955e-05,0.0004574791479835432,2.5266198233691133e-06,0.000764373114878884,1.5158454615836212e-05,0.0,0.0,0.0007462199293398879,2.9947309231597715e-06,0.0012404124181943372,3.9720124041712813e-05,0.0,0.0,0.001199729617132113,9.62677020511398e-07,0.0008575541644726468,1.9113723378378155e-05,0.0,4.199862349420757e-07,0.0008267765372269442,1.1243917632382517e-05,0.000763565426484481,1.3020763318826575e-05,2.750275710924065e-06,1.1264450784583028e-05,0.0007356768391142312,8.530975559160904e-07,0.000768647821441197,1.527438940598345e-05,0.0,0.0,0.0007519366500762198,1.4367819589939925e-06,0.0007602557759707251,6.824963207160072e-06,0.0,2.0709415915835835e-07,0.0007476996855237857,5.524033080620718e-06,0.0008630984722809982,8.859845815158588e-06,0.0,1.359925695606978e-07,0.0008403210449206358,1.3781588975643686e-05,0.0011602625152255376,2.9848499356970856e-05,0.0,0.0,0.0011289999360804069,1.4140797881601323e-06,0.0008739589105359838,3.394950841600995e-05,0.0,0.0,0.0008348042833917834,5.20511872819059e-06,0.0003958125078936342,8.873084646972982e-06,0.0,0.0,0.00038640433452144605,5.350887252151032e-07
0_00272,0.0027199999999999998,0.0007786930570342478,2.3967855668500745e-05,0.0,0.0,0.0007455409227131412,9.184278652605546e-06,0.0018658299707001785,0.000424764853814337,0.0,0.0,0.0,0.0014410651168858411,0.003847388307006243,0.002353908432928157,0.0,0.0,0.0,0.0014934798740780845,0.0005816900596191418,9.773053708197347e-05,0.0,0.0,0.0004836720021565813,2.875203805868959e-07,0.008422320543014207,0.006720200853209871,0.0,0.0,0.001702119689804336,0.0,0.003007611361851291,0.001965402031969463,0.0,0.0,0.0008093884028437311,0.00023282092703809766,0.0005559220425312364,7.894351309581938e-05,0.0,3.9652785052380294e-05,0.00043633443117752795,9.913132055083704e-07,0.0008253584685602133,6.749941097608611e-05,0.0,0.0,0.0007468132562773727,1.104580130675406e-05,0.0012246508816023927,1.0205365648398874e-05,0.0,0.0,0.0012131582206567925,1.287295297201383e-06,0.0008080239001583161,3.025063279494696e-05,0.0,0.0,0.0007777732673633691,0.0,0.0007789114501545657,2.039541722433125e-05,1.373855344604e-06,0.0,0.0007449469260095492,1.219525157608117e-05,0.0007873885661626122,2.4235309896496425e-05,0.0,0.0,0.0007538664414797103,9.286814786405494e-06,0.0007173649492299665,9.115034090207125e-06,0.0,1.1026689294129408e-07,0.0007075699021139593,5.697461328588541e-07,0.0008905331220260899,0.0,0.0,0.0,0.0008731305757635318,1.7402546262557985e-05,0.0011355628848453367,1.7649629835062668e-05,0.0,0.0,0.0011179132550102745,0.0,0.0008273057367543923,1.9537465000714054e-05,0.0,2.992655476462934e-07,0.0008019069066486716,5.562099557360198e-06,0.00029515258659646625,1.3936911047586222e-06,0.0,0.0,0.0002912453182045864,2.5135772871212153e-06
0_00303,0.00303,0.0007642258598105162,1.957045340097224e-05,0.0,0.0,0.0007344899985162603,1.0165407893283526e-05,0.002079568753458948,0.000459191403803736,0.0,0.0,0.0,0.001620377349655212,0.00254117607262407,0.001092682771174193,0.0,0.0,0.0,0.0014484933014498767,0.0006705286828268804,0.0001236828656123653,0.0,0.0,0.0005353089662662643,1.1536850948250716e-05,0.0050082187709989045,0.0047807904906969605,0.0,0.0,0.0002274282803019461,0.0,0.0021615572648112373,0.0012745695451850494,0.0,0.0,0.0006434647761554517,0.0002435229434707372,0.0005147041170091388,7.681875086950967e-05,0.0,3.085465727655173e-05,0.0004058041456739865,1.2265631890908803e-06,0.0008481306653107713,9.135103702410176e-05,0.0,0.0,0.0007336324565302158,2.314717175645382e-05,0.001369935186343808,5.038046009559491e-05,0.0,0.0,0.0012828244612070484,3.67302650411645e-05,0.0007283560404281076,2.084884753312414e-05,0.0,0.0,0.0006976978108932295,9.809382001753999e-06,0.0007862629845555607,1.766806141482424e-05,1.9138959312194224e-06,8.542872759410734e-06,0.0007458158331252393,1.2322321324867093e-05,0.0007727655345450572,1.9789076578996308e-05,0.0,0.0,0.0007426974743361863,1.0278983629874651e-05,0.0007443954782290497,1.4769005259280432e-05,0.0,1.835680529888221e-07,0.0007189046974496582,1.0538207467122186e-05,0.0008483805395084959,4.576208110379724e-06,0.0,0.0,0.0008189154128207057,2.488891857741032e-05,0.0013841470394149926,6.575863244338696e-05,0.0,0.0,0.0012863217559356073,3.20666510359982e-05,0.0009305068708634467,3.2305377394602504e-05,0.0,0.0,0.0008824372036456043,1.5764289823239962e-05,0.0002811466191564161,6.9197928033433605e-06,0.0,0.0,0.00027178804864456626,2.43877770850652e-06
0_00339,0.00339,0.0006367600563809213,1.3108451020059047e-05,0.0,0.0,0.0006167472089938441,6.904396367018269e-06,0.001030508005233164,0.0002610751045388523,0.0,0.0,0.0,0.0007694329006943117,0.0018235309444096948,0.0009259664972975363,0.0,0.0,0.0,0.0008975644471121586,0.0004376095127421886,9.34930059971792e-05,0.0,0.0,0.00034392109174024107,1.9541500476837386e-07,0.007236239125957363,0.007081809914433882,0.0,0.0,0.00015442921152348081,0.0,0.0016943665281522395,0.0012078584743361446,0.0,0.0,0.00037005879901170564,0.00011644925480438997,0.0003804624764589479,6.119392820390066e-05,0.0,1.7937124943610452e-05,0.0003011962626433451,1.3516066809164175e-07,0.0007041765183013831,7.093478963234219e-05,0.0,0.0,0.0006173776985020562,1.5864030166984365e-05,0.0010744498363890352,1.4753179534147788e-05,0.0,0.0,0.0010413302883772652,1.8366368477622133e-05,0.0006211258473024176,2.758929790521687e-05,0.0,0.0,0.000578450065080654,1.5086484316546836e-05,0.0006380936445656425,1.2758283312228551e-05,4.965193344829748e-07,5.250744449159165e-06,0.0006111945145965857,8.393582873185994e-06,0.0006438697810317128,1.3254787814723333e-05,0.0,0.0,0.000623633532147852,6.981461069137273e-06,0.0005711207280567506,3.78560772347742e-06,0.0,0.0,0.0005592901632434323,8.044957089841235e-06,0.0006991389549088848,2.0475775179519115e-06,0.0,0.0,0.0006715868325348974,2.550454485603516e-05,0.0012017976529762756,5.08380517661485e-05,0.0,0.0,0.0011370786207453305,1.3880980464796421e-05,0.0007311469317454486,1.6639964475917748e-05,0.0,0.0,0.0007081040841022427,6.402883167287964e-06,0.00022351761710641876,6.905910574011379e-06,0.0,5.053910744461732e-08,0.00021461214349176674,1.9490239331960587e-06
0_00378,0.0037799999999999995,0.0005566516462896517,1.879932645514581e-05,0.0,0.0,0.0005369691579843242,8.831618501815174e-07,0.0008748585776301767,0.0001042041728891746,0.0,0.0,0.0,0.0007706544047410023,0.0013282206457668204,0.00034923611190151567,0.0,0.0,0.0,0.0009789845338653042,0.0003039015448726742,3.3267165220861405e-05,0.0,0.0,0.0002677610643278822,2.8733153239306197e-06,0.010837695121560442,0.004902371376572627,0.0,0.0,0.0059353237449878155,0.0,0.0021005852078139287,0.001633776066366233,0.0,0.0,0.00040007019254414527,6.673894890354947e-05,0.00041534242186434627,6.597941936959027e-05,0.0,2.0236064580975347e-05,0.0003263311565869536,2.7957813268270538e-06,0.0005910482963413677,5.124407954046178e-05,0.0,0.0,0.0005384309441331675,1.3732726677384377e-06,0.0009062715200562117,9.988806305164173e-06,0.0,0.0,0.0008962827137510476,0.0,0.0005304931543232371,1.3986678896606894e-06,0.0,0.0,0.0005290944864335763,0.0,0.0005587623274137471,1.5626827950441638e-05,2.42807985181404e-06,2.58500159506245e-06,0.0005372534542881042,8.689637283247446e-07,0.0005629713705076798,1.901076148043627e-05,0.0,0.0,0.0005430674446960387,8.931643312049616e-07,0.0005717134997020409,2.0982742469842458e-06,0.0,0.0,0.0005629048050368743,6.7104204181821785e-06,0.0007491559463540956,1.3888652912733148e-06,0.0,0.0,0.0006688124156430268,7.895466541979547e-05,0.0010685988057066744,0.0,0.0,0.0,0.0010660003443608128,2.598461345861726e-06,0.0006659526195890518,1.0091492717867453e-05,0.0,0.0,0.0006535756772301411,2.2854496410432183e-06,0.00018642263788678612,3.056502753588711e-06,0.0,0.0,0.00018208683314896212,1.2793019842352812e-06
0_00422,0.004220000000000001,0.0004772669611676145,3.6405628199891745e-05,0.0,0.0,0.00044026455273963027,5.967802280924975e-07,0.0014792014757989448,0.0008408866943004325,0.0,0.0,0.0,0.0006383147814985125,0.0014913243317666097,0.0008121029709943937,0.0,0.0,0.0,0.0006792213607722157,0.0002798124468850565,5.92424419553345e-05,0.0,0.0,0.0002202168966522751,3.5310827744700773e-07,0.006258650674896197,0.005406865488911963,0.0,0.0,0.0008517851859842335,0.0,0.0014096826832751019,0.0010370987463464037,0.0,0.0,0.00036870806511018616,3.875871818512287e-06,0.0003009203486317245,4.8483806765972024e-05,0.0,7.801434090010918e-06,0.0002442141560501769,4.209517255647326e-07,0.0005867625848773473,0.00013958612318120214,0.0,0.0,0.00044015534406096203,7.021117635183017e-06,0.0007181745623445146,3.799716520042956e-05,0.0,0.0,0.000680177397144085,0.0,0.0006668152284333447,6.79375407055462e-05,0.0,0.0,0.0005955143895101104,3.36329821768806e-06,0.00047951026416641525,2.964438367748165e-05,2.3386115534861044e-06,8.769272789419548e-07,0.00044599699583452215,6.53345821983387e-07,0.00048261716204053563,3.6813328336908255e-05,0.0,0.0,0.00044520036475630115,6.034689473263942e-07,0.0006245267623841567,4.493359677034312e-05,0.0,0.0,0.0005743966243379064,5.196541275907193e-06,0.0010214635561796633,0.0001299158903802843,0.0,0.0,0.0006820937520816649,0.00020945391371771392,0.0009565375244828699,6.371032052170581e-05,0.0,0.0,0.0008898749622710012,2.952241690163013e-06,0.0005853170614202762,5.338602780943559e-05,0.0,0.0,0.0005308295155821961,1.1015180286446066e-06,0.00016813220744426512,1.430254818383813e-05,0.0,0.0,0.00015313235807470343,6.973011857235733e-07
0_00471,0.00471,0.0009479825850847019,0.0003421215442866273,0.0,0.0,0.0006044494925300111,1.4115482680635818e-06,0.0016503697415611,0.001427319418627852,0.0,0.0,0.0,0.000223050322933248,0.003268343828437421,0.002950992705107317,0.0,0.0,0.0,0.00031735112333010384,0.0007409517628690466,0.00031481071205002176,0.0,0.0,0.00041688975414885874,9.251296670166144e-06,0.003794134136080679,0.0018303201538309496,0.0,0.0,0.0019638139822497304,0.0,0.0014236847912118616,0.0013680116427404096,0.0,0.0,5.5673148471451707e-05,0.0,0.0003197706356747189,6.168483636337091e-05,0.0,2.2693244482347096e-06,0.00025514765244038996,6.688224227233583e-07,0.0015110439344034542,0.0008941957947274394,0.0,0.0,0.0005933557743846898,2.3492365291324897e-05,0.001852622204426966,0.0005888835729981751,0.0,0.0,0.0012478871424161278,1.5851489012663433e-05,0.0011523317528170929,0.0004993599770714412,0.0,0.0,0.000646216258194078,6.755517551573305e-06,0.0009520960708317617,0.000330802790061904,4.227222727694488e-06,0.0,0.0006150308281385961,2.035229903567023e-06,0.0009585186726905572,0.00034592499766638977,0.0,0.0,0.0006111664407254117,1.4272342987557675e-06,0.0014377298519513727,0.0005050607463338651,0.0,0.0,0.0008653634039064327,6.730570171107471e-05,0.0020085150350062073,0.0008675823301649402,0.0,0.0,0.0005148925736373313,0.0006260401312039355,0.0019007894728260454,0.0007040160277357202,0.0,0.0,0.001196773445090325,0.0,0.0011806533240573,0.00038861881692092416,0.0,0.0,0.0007920345071363759,0.0,0.000281782918968981,0.00012178438867274005,0.0,0.0,0.00015982953941709365,1.6899087914732327e-07
0_00526,0.00526,0.0016188105970140847,0.0011908505661033506,0.0,0.0,0.00042796003091073417,0.0,0.0009351538734427953,0.0008898031343619216,0.0,0.0,0.0,4.535073908087381e-05,0.0020836307534526934,0.0020753452882720774,0.0,0.0,0.0,8.28546518061566e-06,0.003062661103938557,0.0022780468361155684,0.0,0.0,0.0007846142678229895,0.0,0.003813491836052673,0.003813491836052673,0.0,0.0,0.0,0.0,0.0008690266792459534,0.0008690266792459534,0.0,0.0,0.0,0.0,0.0002929050574578564,6.624261006811585e-05,0.0,2.0962659442256416e-07,0.00022604993828948447,4.0288250583353616e-07,0.0027859315450450323,0.0023351372316954217,0.0,0.0,0.000409517102515803,4.127721083380755e-05,0.002430926435275995,0.002021345310895913,0.0,0.0,0.00040958112438008236,0.0,0.0021802443095361927,0.0017729588840740824,0.0,0.0,0.00040728542546211,0.0,0.0016822704776487613,0.0011248329946124836,2.319399712671409e-05,0.0,0.0005342434859095637,0.0,0.0016368617970976714,0.0012041295526529275,0.0,0.0,0.0004327322444447436,0.0,0.0018711195375877433,0.001405942601014766,0.0,0.0,0.00043676382364832376,2.84131129246537e-05,0.0013704799293423268,0.0009922961322290287,0.0,0.0,9.390773350580668e-05,0.00028427606360749083,0.0028026759771288897,0.0020380406476532805,0.0,0.0,0.0007646353294756097,0.0,0.0022586917622297816,0.0017179463533373088,0.0,0.0,0.0005407454088924733,0.0,0.00041598656312808303,0.00030755693862360804,0.0,0.0,0.00010842962450447498,0.0
0_00587,0.00587,0.000846083372998588,0.000360242552886076,0.0,0.0,0.0004854713057180142,3.6951439449804477e-07,0.0010648515190395194,0.0009458672722082664,0.0,0.0,0.0,0.00011898424683125271,0.0026928241724777217,0.002533882175336193,0.0,0.0,0.0,0.00015894199714152954,0.001349702316382369,0.000826509445708905,0.0,0.0,0.0005231928706734639,0.0,0.003288287210385098,0.002885148731485405,0.0,0.0,0.0004031384788996927,0.0,0.0011629612493221839,0.001117466367534914,0.0,0.0,4.5494881787269926e-05,0.0,0.00025531408147546925,4.965339618151619e-05,0.0,2.502068536691502e-06,0.0002023851535665653,7.734631906962594e-07,0.001464807223422615,0.0009697722984832816,0.0,0.0,0.00047438198904603367,2.0652935893299705e-05,0.0015529918175910668,0.0006584219160142593,0.0,0.0,0.000891456778570553,3.113123006254516e-06,0.0011275127229265422,0.0004994758786059494,0.0,0.0,0.0006280368443205928,0.0,0.0008260338276722466,0.0003296971633752628,1.2982136709137926e-05,0.0,0.0004833545275878458,0.0,0.0008554827474863844,0.00036424541041937353,0.0,0.0,0.0004908637184579074,3.7361860910353243e-07,0.0010125781739422,0.00039112042617016633,0.0,0.0,0.0005587360200958559,6.27217276761779e-05,0.0016102797514021155,0.0007870868672926211,0.0,0.0,0.0003331148850169668,0.0004900779990925277,0.0016702035729856007,0.0006995205628023457,0.0,0.0,0.0009691351958944526,1.547814288802726e-06,0.0010834023946923572,0.00042733750357194257,0.0,0.0,0.0006560648911204147,0.0,0.00023651282408560515,0.00010633372507564,0.0,0.0,0.00013017909900996512,0.0
0_00655,0.00655,0.0005941942221908322,0.00011824903832413709,0.0,0.0,0.000475945183866695,0.0,0.0009772163044854882,0.0008193435876314536,0.0,0.0,0.0,0.00015787271685403477,0.003682154397112856,0.0031537210044046892,0.0,0.0,0.0,0.0005284333927081658,0.0011978284634229063,0.0005618595470963658,0.0,0.0,0.0006327099911498769,3.2589251766635886e-06,0.003462978209489053,0.0028816992772344764,0.0,0.0,0.0005812789322545761,0.0,0.001011752836488066,0.0008381400287647162,0.0,0.0,0.00017361280772334987,0.0,0.00024011885294072623,4.120175601566208e-05,0.0,5.180445848967992e-06,0.00019366161817595544,7.503290014070251e-08,0.0009708505814272117,0.0004804543697080494,0.0,0.0,0.00047009389111893937,2.030232060022268e-05,0.0010709237222363782,0.000239575184683033,0.0,0.0,0.0008269153922629617,4.433145290383319e-06,0.0006477090975905278,0.00014020830934515158,0.0,0.0,0.0005075007882453761,0.0,0.0005921715058027452,0.00012471710788888974,8.634376772746556e-07,0.0,0.00046659096023658097,0.0,0.0006007978401027948,0.00011956382851268953,0.0,0.0,0.0004812340115901051,0.0,0.000650049654615099,0.00012454384276541834,0.0,0.0,0.0005081718237036715,1.7333988146009067e-05,0.0012441025458990304,0.00041622054580415136,0.0,0.0,0.000485357380866404,0.0003425246192284752,0.001251262031214478,0.00026973403978347983,0.0,0.0,0.0009815279914309981,0.0,0.0007768675348438077,0.00015760210885611793,0.0,0.0,0.0006182570063112309,1.008419676458921e-06,0.0002125940924541417,6.160355460801323e-05,0.0,0.0,0.0001496068015766567,1.3837362694717594e-06
0_00732,0.00732,0.0003393891667965484,3.501063137282038e-05,0.0,6.918683907651832e-08,0.00030405795317033736,2.5139541431411193e-07,0.0010540241577647518,0.000683914280652174,0.0,0.0,0.0,0.00037010987711257786,0.002386573107606438,0.0011803975573995535,0.0,0.0,0.0,0.001206175550206885,0.0005294261722654462,0.00022031342033917065,0.0,0.0,0.00030649622771560924,2.6165242106662996e-06,0.001964584030183255,0.001964584030183255,0.0,0.0,0.0,0.0,0.0006367148854991372,0.00045245784003858494,0.0,0.0,0.00018007993156024144,4.177113900310911e-06,0.00021406669040122505,3.420732220512039e-05,0.0,5.335526858311282e-06,0.0001741293145608084,3.945267769849829e-07,0.0006167375760508438,0.0002634539831666933,0.0,6.859367001021713e-08,0.00030145113119970176,5.176386801443842e-05,0.0006460879563761205,5.416015873518036e-05,0.0,0.0,0.0005919277976409402,0.0,0.0004289762708754047,3.692586339152785e-05,0.0,0.0,0.0003919593337162115,9.107376766533222e-08,0.00034075725615058936,3.873787756873364e-05,5.585245318920912e-07,6.835195800273483e-08,0.0003011442331670136,2.482689249473645e-07,0.00034316018346201935,3.540003483922279e-05,0.0,6.995548502941459e-08,0.00030743600464366866,2.5418849409847067e-07,0.00041704597424054187,4.449211249971666e-05,0.0,0.0,0.0003625219274228939,1.0031934317931258e-05,0.0008227072684094196,0.00020319331943903363,0.0,0.0,0.0004286991249779063,0.0001908148239924797,0.0007187960852263935,7.027155704293102e-05,0.0,0.0,0.0006485245281834626,0.0,0.0005672430680510852,6.550861736944841e-05,0.0,0.0,0.0005014949127709438,2.3953791069310925e-07,0.0001551993605471008,1.9496618183797532e-05,0.0,2.0108753488780113e-07,0.00013521874962636605,2.82905202049416e-07
0_00817,0.00817,0.000424305127032928,1.8424741082685427e-05,0.0,0.0,0.00040568481363138233,1.9557231886030234e-07,0.0005342162915288099,0.00021460729684252307,0.0,0.0,0.0,0.0003196089946862868,0.0026306475339117315,0.0014265641660058846,0.0,0.0,0.0,0.0012040833679058472,0.0004409360816085035,0.00014522332113402707,0.0,0.0,0.00029571276047447636,0.0,0.002637770512994676,0.002637770512994676,0.0,0.0,0.0,0.0,0.0006472240870367929,0.0005344311957706171,0.0,0.0,0.000108678243013464,4.114648252711735e-06,0.00023564346887087998,3.962229213076641e-05,0.0,5.776197590063141e-06,0.00019011416298887204,1.3081616117837765e-07,0.0006734911962571159,0.00026512635862627995,0.0,0.0,0.0004029148225583295,5.450015072506583e-06,0.000866065039349291,3.399668791021187e-05,0.0,0.0,0.0008320683514390793,0.0,0.00034000740341059787,2.1029672476662888e-05,0.0,0.0,0.0003175354503412222,1.4422805927129009e-06,0.00042925453556263884,1.5378557565432607e-05,2.91660270384201e-06,1.320300479070882e-06,0.00040963907481429343,0.0,0.00042909040738810017,1.8632042127368827e-05,0.0,0.0,0.000410260587482864,1.977777778672553e-07,0.00043329635383275125,1.0650977967213362e-05,0.0,0.0,0.000414847721170035,7.797654695502855e-06,0.0007984078578002682,0.0001742300870305027,0.0,0.0,0.00048742860664977245,0.00013674916411999342,0.0009176149573933539,3.5030664338299936e-05,0.0,0.0,0.0008788054521162307,3.778840938823303e-06,0.0006604501039010888,5.30317797936104e-05,0.0,0.0,0.0006074183241074786,0.0,0.0001530753252796832,8.598812074430765e-06,0.0,0.0,0.00014357451109281682,9.020021124356439e-07
0_00912,0.00912,0.000318737285217309,1.4537337050109619e-05,0.0,0.0,0.0003028010459962473,1.398902170952239e-06,0.0006345571743869557,0.00022821147546590488,0.0,0.0,0.0,0.00040634569892105104,0.0016406345370758267,0.0008065169636919352,0.0,0.0,0.0,0.0008341175733838914,0.0003091488149415779,8.241960067865398e-05,0.0,0.0,0.0002236494043692712,3.079809893652737e-06,0.002631940000010212,0.002631940000010212,0.0,0.0,0.0,0.0,0.000449742835599454,0.00040574876350953055,0.0,0.0,4.045045998746065e-05,3.5436121024628623e-06,0.000207107476832755,3.874976306724517e-05,0.0,1.6258722552733788e-06,0.0001666167798336915,1.1506167654493105e-07,0.0005501434839227041,0.00022113567922442867,0.0,0.0,0.0003006637955908888,2.83440091073867e-05,0.0004940874396896975,3.238485606294451e-05,0.0,0.0,0.00046000465451324414,1.697929113508819e-06,0.0003494314997103072,1.8894221358206107e-05,0.0,0.0,0.00032780459175818397,2.732686593916975e-06,0.0003270332669453329,1.8779480610399325e-05,2.480496787842256e-06,0.0,0.0003043686712548873,1.404618292203975e-06,0.0003223020401991395,1.4699856068163964e-05,0.0,0.0,0.00030618764253559843,1.4145415953771441e-06,0.00038970068292313887,2.337337294909761e-05,0.0,0.0,0.00036585865551103845,4.686544630027935e-07,0.0006353988140018954,0.00012741360532507828,0.0,0.0,0.00044966254928021526,5.8322659396601755e-05,0.0006599205591098118,3.25382783052565e-05,0.0,0.0,0.0006249444438351648,2.437836969390616e-06,0.0004064756791970025,2.660471919223109e-05,0.0,0.0,0.00037638900248078015,3.4819575239911383e-06,0.00013166766667875118,6.486456751504995e-06,0.0,0.0,0.0001243960660386314,7.851438886147994e-07
0_01018,0.01018,0.00036801359329884125,1.3902892912756226e-05,0.0,0.0,0.00035352674240446695,5.839579816180019e-07,0.000766825757300061,0.00032590884853944294,0.0,0.0,0.0,0.00044091690876061815,0.00332134250076625,0.002776771625787511,0.0,0.0,0.0,0.0005445708749787392,0.00030379993776812167,7.480143686823614e-05,0.0,0.0,0.0002284004903259321,5.980105739533811e-07,0.0021073506722297857,0.0021073506722297857,0.0,0.0,0.0,0.0,0.0004744278980177384,0.00044351507462265984,0.0,0.0,3.091282339507856e-05,0.0,0.00021494820406014065,4.119958700062522e-05,0.0,2.5460564004622474e-06,0.0001705126841947745,6.89876464278719e-07,0.0006902833128946508,0.0003022136280920333,0.0,0.0,0.0003492242593425584,3.884542546005892e-05,0.0006323144465981809,2.7381742016598065e-05,0.0,0.0,0.0006049327045815827,0.0,0.0002840622190614088,1.6655873595126565e-05,0.0,0.0,0.00026736102437347923,4.5321092803039415e-08,0.0003677496711746215,1.658751548841401e-05,8.751318081251116e-07,0.0,0.00035028702387808236,0.0,0.0003720842055512542,1.4057127698483658e-05,0.0,0.0,0.0003574366565956672,5.904212571033754e-07,0.00038672342663561215,3.589146169489752e-05,0.0,0.0,0.0003474676154861483,3.3643494545663967e-06,0.0008083349593021755,0.00021480182527933264,0.0,0.0,0.0004840695919152953,0.0001094635421075475,0.0009373684006532556,6.05342085208815e-05,0.0,0.0,0.0008768341921323742,0.0,0.0005322987663286782,2.5342123454093837e-05,0.0,0.0,0.0005058917159584472,1.0649269161371708e-06,0.00018759603676761906,1.4937180711885348e-05,0.0,1.7168526262398146e-06,0.0001709420034294939,0.0
0_01137,0.01137,0.0004991001422413165,0.00030683847387711504,0.0,0.0,0.00018739512050741904,4.866547856782357e-06,0.0005723743469730521,0.0003606544021113213,0.0,0.0,0.0,0.00021171994486173087,0.00046861989698914364,0.00044588758539561757,0.0,0.0,3.34871054606003e-06,1.9383601047465966e-05,0.00042238369466511,0.0003307998302598146,0.0,0.0,8.829099075254208e-05,3.2928736527532384e-06,0.0020556674212160388,0.0020556674212160388,0.0,0.0,0.0,0.0,0.0005364991320852501,0.0004014657445063314,0.0,0.0,0.00013236585145169646,2.6675361272222887e-06,0.0002858523930854352,0.00012433025616963116,0.0,6.853354227629541e-08,0.00016025078164147772,1.2028217320500508e-06,0.0005112979476925498,0.0003189690568102065,0.0,0.0,0.0001853991967947621,6.929694087581212e-06,0.0006318926072248659,0.00041283323391612387,0.0,0.0,0.00021360970984686886,5.449663461873133e-06,0.0004237069293359643,0.0002576892421795329,0.0,0.0,0.00016133595736443068,4.681729792000849e-06,0.0005097431954076445,0.00032201948575349244,1.932090531742385e-06,0.0,0.00018156854103648225,4.223078085927505e-06,0.0005046974695599502,0.00031027961343730687,0.0,0.0,0.00018949676289567382,4.9210932269694106e-06,0.000743599819687981,0.0005153264388627677,0.0,0.0,0.00021821053320179209,1.006284762342092e-05,0.0005752317283302034,0.0004785627206829741,0.0,0.0,5.082559317845321e-05,4.58434144687762e-05,0.0013515506446054161,0.0008582863121837817,0.0,0.0,0.0004770003599812663,1.626397244036801e-05,0.000682542108240571,0.0004046378543535323,0.0,0.0,0.00027702529857614045,8.789553108981413e-07,0.00028397628215955854,0.0001829483935928794,0.0,0.0,0.00010064518447577817,3.8270409090096085e-07
0_01269,0.01269,0.0003970163179798205,0.0002634658017592749,0.0,0.0,0.00012999659872976914,3.5539174907765747e-06,0.000612474075465986,0.0004155892131356593,0.0,0.0,0.0,0.00019688486233032684,0.00037093497942114186,0.00035346015489062164,0.0,0.0,1.1173008007880869e-06,1.635752372973211e-05,0.0004432663743944751,0.000353320230857297,0.0,0.0,8.597340872157672e-05,3.972734815601259e-06,0.0016438671066455613,0.0016438671066455613,0.0,0.0,0.0,0.0,0.00043801725466673206,0.00034170288211276086,0.0,0.0,9.565840559709516e-05,6.559669568758933e-07,0.00031365209598684124,0.00014850627821968608,0.0,3.3720407973690274e-08,0.00016411392551338047,9.981718458008386e-07,0.0004140607762768944,0.00028078567753777147,0.0,0.0,0.00012876856134186123,4.506537397261689e-06,0.0005260131396913717,0.000355352030028077,0.0,0.0,0.00016647353175722695,4.18757790606781e-06,0.00043015681442259686,0.0002739591276025822,0.0,0.0,0.0001525066337107862,3.6910531092284975e-06,0.0003996369389426445,0.0002701027476660168,2.6081119725225977e-07,0.0,0.00012618914219244472,3.084237886930735e-06,0.000401402126157819,0.00026637642953019773,0.0,0.0,0.00013143247395701723,3.5932226706041213e-06,0.00070592991208769,0.0005067573139720667,0.0,0.0,0.0001833079902518624,1.5864607863760994e-05,0.0005552310176195704,0.00047179545412211183,0.0,0.0,4.256367753051812e-05,4.087188596694041e-05,0.0011244991334360829,0.0007230194803267287,0.0,0.0,0.0003934671612570385,8.012491852315687e-06,0.0006142173263969053,0.0003721066208404912,0.0,0.0,0.00023875952322401566,3.3511823323983673e-06,0.0003094640464982645,0.00020203502575056177,0.0,0.0,0.00010655212087366941,8.768998740333353e-07
0_01416,0.014159999999999999,0.0003910444520108877,0.000264327429732398,0.0,0.0,0.00012269220599008812,4.024816288401512e-06,0.0007512800611156876,0.0005662902694879159,0.0,0.0,0.0,0.00018498979162777176,0.0004941933763542993,0.0004718020265815917,0.0,0.0,3.567240773127778e-06,1.8824108999579942e-05,0.00043671095920500176,0.00035285657336790613,0.0,0.0,7.73670830565482e-05,6.487302780547468e-06,0.002196684321968019,0.002196684321968019,0.0,0.0,0.0,0.0,0.00041968706975701545,0.00033425234163979463,0.0,0.0,8.418370804040492e-05,1.2510200768160378e-06,0.0002854487846797764,0.0001496670402428211,0.0,8.796200310726587e-08,0.0001346006593993616,1.0931230344862849e-06,0.0004105855351033141,0.0002790673475951988,0.0,0.0,0.00012180374700613899,9.714440501976437e-06,0.0005280803769457719,0.0003733502043741772,0.0,0.0,0.00015062762789121016,4.102544680384436e-06,0.0003616393020590183,0.0002380150084436169,0.0,0.0,0.00012016336145092786,3.4609321644734613e-06,0.0003955304849176957,0.0002718967266837979,1.9914814386968774e-07,0.0,0.00011998377170956704,3.4508383804610925e-06,0.00039534652416463545,0.00026723575208854265,0.0,0.0,0.0001240416489039504,4.06912317214238e-06,0.0006661214520592293,0.0004929739771353277,0.0,0.0,0.0001594338805261131,1.3713594397788558e-05,0.0005028146420804217,0.00043226817538593264,0.0,0.0,3.6394070926592105e-05,3.415239576789689e-05,0.0010857254678770696,0.0007376598907533557,0.0,0.0,0.00034047498671441217,7.590590409301656e-06,0.0005575610471352367,0.00035759416604352065,0.0,0.0,0.000195582802284542,4.384078807174156e-06,0.00033483218386614575,0.0002237008892860108,0.0,0.0,0.00010306916372464301,8.062130855491968e-06
0_01581,0.01581,0.00035549533676877237,0.00024601915958342204,0.0,0.0,0.00010671942953179424,2.7567476535561497e-06,0.0006812533949214992,0.0005453901225059885,0.0,0.0,0.0,0.0001358632724155108,0.0003894631169890733,0.00038007635588079486,0.0,0.0,0.0,9.38676110827852e-06,0.00037419316776820584,0.0002970869419252074,0.0,0.0,7.266371902310293e-05,4.442506819895548e-06,0.003215277216698943,0.003215277216698943,0.0,0.0,0.0,0.0,0.00034324934506137363,0.0002824133199902811,0.0,0.0,6.03364829856421e-05,4.995420854503869e-07,0.00031950788690606857,0.00017629538193656617,0.0,4.253912998744667e-08,0.00014122528367659226,1.9446821629227912e-06,0.0003729743188916832,0.0002634387941849865,0.0,0.0,0.00010571495014301873,3.820574563677782e-06,0.00046498164892912316,0.00032612105266878444,0.0,0.0,0.00013773163515554585,1.1289611047930188e-06,0.00033905538371146435,0.0002268276571661171,0.0,0.0,0.00010989508504833084,2.3326414970164053e-06,0.0003581350979595525,0.0002491908385318495,6.211095698933856e-07,0.0,0.00010675439672339392,1.5687531344156113e-06,0.00035945086786060465,0.00024875659700192927,0.0,0.0,0.00010790683714612889,2.787433712546384e-06,0.0006088122527970678,0.0004516582682077382,0.0,0.0,0.0001449591316920319,1.2194852897297445e-05,0.0005693354771714496,0.0004912666956531927,0.0,0.0,3.969913785021343e-05,3.836964366804344e-05,0.0009808605381316149,0.0006678676985049805,0.0,0.0,0.0003067445348675612,6.248304759073202e-06,0.0005612621001011702,0.0003549317169562558,0.0,0.0,0.0002041036190981635,2.226764046750925e-06,0.00031679691258703344,0.00022186212575786167,0.0,0.0,9.100221930994094e-05,3.932567519230865e-06
0_01765,0.01765,0.0003381633190329785,0.00022792100748467959,0.0,0.0,0.00010804526235696196,2.197049191336949e-06,0.0004663712902491709,0.0004189162470218128,0.0,0.0,0.0,4.745504322735814e-05,0.0004270081522169195,0.0004107414785764245,0.0,0.0,1.6994598942312597e-06,1.4567213746263806e-05,0.0003761996933429466,0.000296352451012617,0.0,0.0,7.670705435704012e-05,3.1401879732895607e-06,0.0017986359182074003,0.0017986359182074003,0.0,0.0,0.0,0.0,0.0003839890718438903,0.00031327150132755564,0.0,0.0,6.986230368424034e-05,8.552668320942052e-07,0.00026619792021796164,0.00015994945833589855,0.0,3.734133341235944e-08,0.00010556487495076476,6.462455978859714e-07,0.0003669177629519,0.00025181121953651424,0.0,0.0,0.00010656619741621607,8.540345999169716e-06,0.0004566315041990701,0.00030880052230639103,0.0,0.0,0.0001443311943529063,3.4997875397726814e-06,0.000296575196191183,0.00020064983182359008,0.0,0.0,9.208111876961192e-05,3.844245597980945e-06,0.0003401970393016289,0.00023252015827004928,0.0,0.0,0.00010595878843581855,1.7180925957609073e-06,0.0003419507392258002,0.00023047365512602578,0.0,0.0,0.00010925544021707476,2.2216438826996392e-06,0.0005445989019319262,0.0004054706240586027,0.0,0.0,0.00013375977873161202,5.368499141711427e-06,0.0005146570642950368,0.0004493229080077796,0.0,0.0,3.735311631431258e-05,2.798103997294461e-05,0.0009354423585226854,0.0006376711413962709,0.0,0.0,0.0002950513346577492,2.7198824686653164e-06,0.0005338611445411182,0.0003275158416487609,0.0,0.0,0.0002011789230904643,5.16637980189292e-06,0.00030039986006933007,0.00019491389716929817,0.0,0.0,0.00010533556369388997,1.503992061419378e-07
0_01971,0.01971,0.00026595938371912567,0.0001720285028513911,0.0,0.0,9.275020117286263e-05,1.1806796948719721e-06,0.0002831337748850189,0.0002661079772873615,0.0,0.0,0.0,1.702579759765734e-05,0.00043930792666125375,0.0004276867744070163,0.0,0.0,0.0,1.1621152254237446e-05,0.00032458565141377417,0.00024846179358414816,0.0,0.0,7.452901682370464e-05,1.5948410059213776e-06,0.0024004433291225607,0.0024004433291225607,0.0,0.0,0.0,0.0,0.00031812591516321143,0.00026036481844535507,0.0,0.0,5.685466298684986e-05,9.064337310065059e-07,0.0002945520714004333,0.00018819955640388995,0.0,0.0,0.00010586964322477225,4.828717717712046e-07,0.000289012387811538,0.00018759719698311085,0.0,0.0,9.162035670650084e-05,9.794834121926404e-06,0.00034222111321661574,0.00022389281898525497,0.0,0.0,0.00011636472032666568,1.9635739046951044e-06,0.00028420805220429437,0.00018307348536563512,0.0,0.0,9.960650845414366e-05,1.5280583845155951e-06,0.0002672185787774737,0.00017408458583764009,9.154216862619092e-08,0.0,9.132104849107409e-05,1.7214022801333583e-06,0.00026887195726932783,0.00017391274716184354,0.0,0.0,9.37655942503876e-05,1.193615857096595e-06,0.0004065305374777061,0.0002832471901685393,0.0,0.0,0.0001169059839296551,6.3773633795115575e-06,0.0005307409802474853,0.0004543011928179295,0.0,0.0,4.715998631431886e-05,2.9279801115237128e-05,0.0006142895400460602,0.0003958574843741035,0.0,0.0,0.0002156388077293589,2.7932479425979327e-06,0.0003911920354555433,0.00021981053391567212,0.0,0.0,0.00016764023519698208,3.741266342889032e-06,0.00034575271051815343,0.0001608315097217397,0.0,0.0,0.00018311967611164866,1.80152468476508e-06
0_022,0.022000000000000002,0.00011390858767672915,1.202352355555799e-06,0.0,0.0,0.00011268504580510471,2.118951606866636e-08,0.00034749029521636556,0.00034641290464738444,0.0,0.0,0.0,1.0773905689810775e-06,0.00035260079873945723,0.00035260079873945723,0.0,0.0,0.0,0.0,0.00010281050560689781,0.0,0.0,0.0,0.00010274075437354136,6.975123335645759e-08,0.0,0.0,0.0,0.0,0.0,0.0,0.0002696317758890451,3.5873887787988395e-05,0.0,0.0,0.00023375788810105683,0.0,9.744308047037859e-05,1.4263589033699482e-07,0.0,0.0,9.72303433196077e-05,7.010126043389679e-08,0.00014829868738759668,3.3092130247572806e-05,0.0,0.0,0.00011249351092247632,2.71304621754757e-06,0.00013109401749898832,2.3258953008230604e-07,0.0,0.0,0.00013080362076767102,5.780720123501122e-08,0.00013938716189253007,1.7168798829422537e-07,0.0,0.0,0.0001391831751438799,3.2298760355980915e-08,0.00011320911299430493,1.5263859189684406e-06,9.303521492328416e-08,0.0,0.00011150319162069232,8.650023972088521e-08,0.00011519604749412915,1.2158987993093429e-06,0.0,0.0,0.00011395871970695858,2.1428987861265743e-08,8.733734873945285e-05,5.380199133568935e-06,0.0,6.829188188917012e-09,8.162425864144213e-05,3.2606177625286303e-07,0.0001429863463287353,4.400359270806279e-05,0.0,0.0,8.685514392582709e-05,1.2127609694845425e-05,0.00013805519093672888,1.4057968943056856e-06,0.0,0.0,0.00013628087060501152,3.685234374116386e-07,0.00013065989533623518,5.014418455283338e-06,0.0,2.996401566398879e-08,0.00012561551286528785,0.0,0.00016760654156633021,2.2138660915255887e-05,0.0,0.0,0.00014452023412026257,9.476465308117514e-07
0_0244,0.0244,0.00011166413529895061,9.400225252763487e-07,0.0,3.3885614742116646e-08,0.00011064649742298623,4.372973594588144e-08,0.0003506507592051034,0.0003506507592051034,0.0,0.0,0.0,0.0,0.00026476830299144435,0.00026476830299144435,0.0,0.0,0.0,0.0,0.0001093034866848708,0.0,0.0,0.0,0.0001093034866848708,0.0,0.01265846138128606,0.01265846138128606,0.0,0.0,0.0,0.0,0.0002382087308990809,1.4615278593379531e-05,0.0,0.0,0.00022359345230570137,0.0,0.00010806759270010916,3.4538874397889003e-07,0.0,1.5704645018040336e-08,0.0001076863332993526,2.0166011759604956e-08,0.00015581443034629435,3.9062263127158835e-05,0.0,3.3828518759439374e-08,0.00011046006224840726,6.258276451968834e-06,0.00012905718249533777,5.89541023596162e-07,0.0,4.519784787764842e-08,0.00012842244362386396,0.0,0.0001090574660652298,9.196353263858843e-07,0.0,0.0,0.00010813783073884388,0.0,0.00011144209075854141,9.324781265380131e-07,8.735363859578771e-08,1.918938446119068e-08,0.00011040306960894641,0.0,0.00011298514684380364,9.509203189402644e-07,0.0,3.428654386179266e-08,0.00011195569325660576,4.4246724395823006e-08,8.160884811732136e-05,4.3742800857947925e-06,0.0,7.323180598431555e-09,7.693958293960619e-05,2.876619113219496e-07,0.00012781048447417636,3.503816834596528e-05,0.0,9.41169648040264e-09,8.412024918153578e-05,8.642655250194901e-06,0.00013499601701774918,8.891410006984705e-07,0.0,9.069631581987723e-09,0.000134042509564057,5.5296821411698684e-08,0.00013184233928781458,1.929061605323949e-06,0.0,8.035858285128872e-08,0.00012983291909963933,0.0,0.0002642807043522527,9.715706950578706e-05,0.0,0.0,0.00016462456613629574,2.4990687101699298e-06
0_02705,0.02705,8.456226009770174e-05,1.846601344251403e-07,0.0,1.65223428479215e-08,8.436107762042865e-05,0.0,0.00033835757827644584,0.00033835757827644584,0.0,0.0,0.0,0.0,0.00026520760841170583,0.00026520760841170583,0.0,0.0,0.0,0.0,8.154408472746836e-05,1.04815189399886e-07,0.0,0.0,8.139407373539194e-05,4.519580267654955e-08,0.0,0.0,0.0,0.0,0.0,0.0,0.00019697693683364662,1.7245949292113828e-05,0.0,1.5021242065560026e-07,0.00017890166294155313,6.791121793240356e-07,0.00011155757283249397,1.3127071794163163e-06,0.0,1.4642270665508851e-08,0.00011023022338241209,0.0,0.00012411248688462526,3.8759411711414784e-05,0.0,1.6489650021967252e-08,8.419415201833073e-05,1.1424335048577473e-06,9.40086816613071e-05,6.40158905228049e-07,0.0,3.499343421587777e-08,9.332431984083596e-05,9.209481027214324e-09,8.836277576958867e-05,8.127513887295938e-07,0.0,3.826348155057184e-08,8.743879308280648e-05,7.296781650203131e-08,8.428090964798774e-05,1.8404248593200122e-07,0.0,1.6467365410212575e-08,8.408039979664553e-05,0.0,8.554001074580493e-05,1.8678852323981322e-07,0.0,1.6713371383921493e-08,8.533650885118121e-05,0.0,5.882247090909568e-05,9.241768715089813e-07,0.0,2.4669594078111408e-08,5.7696954635125e-05,1.7666980838359086e-07,9.2516808457273e-05,2.446490846600489e-05,0.0,1.5751739339898543e-08,6.311878864622653e-05,4.9173596057016495e-06,9.345829564173803e-05,3.189715449715573e-07,0.0,1.733802924624078e-08,9.30984642007156e-05,2.3521866804607328e-08,9.522786969147152e-05,2.6382777266216062e-06,0.0,4.7183738928286485e-08,9.246290123633412e-05,7.950698958749191e-08,0.00030461215084241116,0.00017220364949209753,0.0,0.0,0.00012977852273327766,2.629978617035963e-06
0_03,0.03,8.767851553129313e-05,3.893654545975049e-07,0.0,1.0265346874898211e-08,8.71745987833005e-05,1.0428594652020392e-07,0.0002533388377237661,0.0002533388377237661,0.0,0.0,0.0,0.0,0.0002922156083633225,0.0002922156083633225,0.0,0.0,0.0,0.0,8.804181165296221e-05,0.0,0.0,0.0,8.793161299104837e-05,1.101986619138527e-07,0.0,0.0,0.0,0.0,0.0,0.0,0.0004221776887648922,9.577565958317204e-06,0.0,0.0,0.0004126001228065751,0.0,9.990474747475844e-05,1.0125662122391541e-06,0.0,1.519973150859093e-08,9.887698153101068e-05,0.0,0.00014189026577153503,4.587361220224752e-05,0.0,1.0243701005305806e-08,8.69907793741729e-05,9.01563049410933e-06,0.00010446534083507823,8.261991975279103e-07,0.0,2.8290707363226985e-08,0.00010355779676286196,5.305416732516678e-08,9.694135203713876e-05,0.0,0.0,8.087039301819917e-09,9.687066956387704e-05,6.259543395991808e-08,8.73954349157777e-05,3.880919109314765e-07,0.0,1.0232202964559255e-08,8.689316431651686e-05,1.0394648536480881e-07,8.864435997528512e-05,3.936623811777466e-07,0.0,1.0378427826208597e-08,8.813488312536668e-05,1.0543604091448995e-07,5.967710293478988e-05,2.0804800784233087e-06,0.0,1.4721992239127604e-08,5.7342608730858446e-05,2.392921332689892e-07,9.298295131499442e-05,2.7087153235610432e-05,0.0,1.1469407864519007e-08,6.0499303865034485e-05,5.385024806484972e-06,9.013980306514624e-05,8.180647649708987e-07,0.0,1.0345540350829289e-08,8.921713636396878e-05,9.425639585574092e-08,0.00011460563528797051,4.608304509964777e-06,0.0,2.8970428514103697e-08,0.00010994151184149064,2.68485080009875e-08,0.0003340724687829993,0.00024309742798704292,0.0,0.0,8.88183294478747e-05,2.1567113480817392e-06
